latitud,longitud,salud,bomberos,policia
-10.91,-74.81,1,0,1
-10.89,-74.84,1,0,1
-18.56,-70.6,0,0,0
-3.61,-80.79,0,0,0
-15.42,-75.37,0,0,0
-12.73,-76.47,2,0,1
-18.26,-71.53,0,0,0
-14.48,-75.62,0,0,0
-14.3,-75.71,1,0,1
-14.1,-76.02,0,0,0
-16.75,-71.55,0,0,0
-14.25,-74.43,0,0,0
-3.65,-80.02,2,0,0
-6.19,-81.21,0,0,0
-16.55,-72.75,8,1,7
-15.73,-71.88,0,0,0
-9.08,-79.15,0,0,0
-3.65,-79.99,1,0,0
-15.7,-72.1,0,0,2
-12.4,-77.23,0,0,0
-9.41,-79.28,0,0,0
-10.62,-74.57,0,0,0
-8.7,-76.31,0,0,0
-12.43,-77.01,0,0,0
-10.64,-75.27,0,0,0
-10.06,-75.85,0,0,0
-9.06,-79.28,0,0,0
-17.54,-70.54,1,0,0
-12.51,-76.46,0,0,0
-12.95,-76.69,0,0,0
-13.63,-72.82,3,2,7
-12.58,-76.77,0,1,0
-17.39,-71.67,0,0,0
-14.82,-76.26,0,0,0
-15.25,-74.24,0,0,0
-5.1,-80.77,2,0,1
-10.54,-78.83,0,0,0
-13.61,-72.82,3,2,7
-7.72,-74.56,0,0,0
-3.59,-80.83,0,0,0
-3.08,-77.04,0,0,0
-15.64,-72.03,1,0,1
-15.86,-75.25,0,0,0
-14.09,-72.9,0,0,0
-8.69,-75.27,0,0,0
-14.35,-76.67,0,0,0
-14.85,-74.06,0,0,0
-9.64,-75.57,0,0,0
-15.69,-71.85,3,0,1
-15.68,-71.82,3,0,1
-10.31,-75.65,0,0,0
-5.58,-78.81,0,0,0
-15.7,-71.85,2,0,0
-13.6,-72.68,2,1,0
-4.07,-77.67,0,0,0
-3.78,-80.39,1,0,1
-16.7,-71.92,0,0,1
-4.82,-80.01,1,0,1
-9.47,-77.02,0,0,0
-16.81,-71.55,0,0,0
-19.59,-69.78,0,0,0
-3.63,-81.05,0,0,0
-11.21,-78.06,0,0,0
-4.11,-80.33,0,0,0
-18.35,-70.15,0,0,0
-11.49,-73.0,0,0,0
-16.89,-71.49,0,0,0
-14.75,-73.7,0,0,0
-15.31,-73.38,1,0,0
-4.72,-77.89,0,0,0
-14.92,-75.4,0,0,0
-19.58,-69.78,0,0,0
-15.94,-75.23,0,0,0
-5.22,-80.69,46,3,10
-9.77,-78.72,0,0,0
-15.54,-75.17,0,0,0
-3.67,-81.57,0,0,0
-14.74,-74.08,2,0,0
-15.82,-75.3,0,0,0
-15.93,-75.27,0,0,0
-12.35,-76.94,3,1,1
-8.85,-75.75,0,0,0
-15.71,-75.23,0,0,0
-15.66,-75.13,0,0,0
-15.83,-75.26,0,0,0
-15.84,-69.63,0,0,0
-15.44,-70.21,7,1,2
-17.73,-70.04,1,0,0
-3.25,-77.93,0,0,0
-12.5,-74.77,0,0,0
-8.66,-77.84,1,0,0
-14.29,-73.99,0,0,1
-5.64,-81.56,0,0,0
-5.61,-81.56,0,0,0
-16.53,-72.42,0,0,0
-4.73,-80.22,1,0,3
-17.29,-71.07,0,0,0
-16.38,-72.47,0,0,0
-3.71,-80.77,1,0,1
-5.69,-81.79,0,0,0
-17.54,-70.82,1,1,1
-13.71,-74.81,0,0,0
-9.28,-75.28,0,0,0
-4.38,-77.14,0,0,0
-17.67,-69.96,0,0,0
-8.03,-75.73,0,0,0
-4.0,-81.06,0,0,0
-9.91,-74.57,0,0,0
-17.92,-69.5,0,0,0
-17.28,-70.64,0,0,1
-3.1,-80.24,0,0,0
-8.15,-75.78,0,0,0
-18.05,-70.98,0,0,0
-10.67,-76.6,0,0,0
-6.19,-81.28,0,0,0
-5.64,-80.38,0,0,0
-8.97,-79.05,0,0,0
-17.88,-70.18,0,1,2
-12.37,-76.9,2,0,1
-14.99,-76.04,0,0,0
-12.71,-76.8,0,0,0
-16.14,-75.33,0,0,0
-3.59,-80.17,3,0,1
-7.72,-80.51,0,0,0
-4.06,-77.16,0,0,0
-12.54,-76.95,0,0,0
-14.3,-75.81,0,0,0
-14.6,-72.45,0,0,0
-10.17,-78.78,0,0,0
-13.66,-76.8,0,0,0
-15.94,-74.27,2,0,2
-5.65,-75.38,0,0,0
-11.75,-74.53,0,0,0
-13.67,-76.82,0,0,0
-12.33,-74.24,0,0,0
-9.99,-79.82,0,0,0
-12.84,-77.16,0,0,0
-15.77,-75.39,0,0,0
-16.04,-75.44,0,0,0
-16.32,-73.19,0,0,0
-12.69,-77.06,0,0,0
-10.51,-75.36,2,1,1
-10.67,-75.09,0,0,0
-10.74,-74.87,0,0,0
-6.55,-76.0,0,0,0
-10.61,-75.22,0,0,0
-9.63,-75.91,0,0,0
-10.96,-73.65,0,0,0
-4.14,-80.41,0,0,0
-13.46,-72.41,0,0,1
-12.44,-76.82,2,2,5
-3.75,-80.99,0,0,0
-12.57,-76.69,1,2,1
-16.54,-73.57,0,0,0
-16.48,-73.45,0,0,0
-17.1,-71.93,2,2,2
-19.63,-69.63,0,0,0
-12.58,-76.7,2,2,1
-14.39,-75.64,0,0,1
-4.32,-78.03,0,0,0
-10.67,-75.11,0,0,0
-16.32,-73.16,0,0,0
-15.15,-73.49,0,0,0
-10.85,-73.8,0,0,0
-3.82,-76.53,0,0,0
-18.3,-71.48,0,0,0
-18.26,-71.43,0,0,0
-5.57,-80.82,3,1,0
-9.33,-79.25,0,0,0
-12.84,-76.68,1,0,0
-16.06,-72.66,0,0,0
-9.23,-78.61,0,0,0
-6.85,-76.02,0,0,0
-11.52,-76.86,0,0,0
-12.22,-75.83,1,0,0
-4.64,-80.82,0,0,0
-18.44,-69.78,0,0,0
-9.91,-74.76,0,0,0
-6.57,-81.2,0,0,0
-16.05,-72.49,4,0,1
-10.1,-79.71,0,0,0
-10.92,-73.47,0,0,0
-9.98,-77.86,0,0,0
-18.25,-71.32,0,0,0
-16.53,-72.58,0,0,0
-9.11,-79.33,0,0,0
-8.54,-75.03,0,0,0
-5.84,-77.26,0,0,0
-14.56,-76.51,0,0,0
-16.12,-74.18,0,0,0
-17.23,-70.57,0,0,1
-12.12,-76.06,0,0,0
-8.92,-75.97,0,0,0
-17.49,-69.64,1,0,0
-7.64,-74.75,0,0,0
-14.22,-72.89,0,0,0
-13.44,-76.57,0,0,0
-12.97,-75.17,0,0,0
-8.94,-80.51,0,0,0
-9.84,-75.65,0,0,0
-12.55,-76.77,2,1,1
-4.17,-80.47,0,0,0
-10.79,-78.45,0,0,0
-11.94,-77.23,0,0,0
-9.16,-71.31,0,0,0
-8.76,-70.98,0,0,0
-13.24,-76.4,0,0,0
-12.47,-76.73,2,1,4
-15.95,-74.14,0,0,0
-10.35,-75.48,0,0,1
-14.71,-75.37,0,0,0
-14.19,-71.46,1,0,4
-17.55,-69.68,1,0,0
-12.7,-77.05,0,0,0
-9.54,-75.96,0,0,0
-3.56,-80.21,7,3,4
-3.86,-80.24,0,0,0
-9.88,-74.8,0,0,0
-8.91,-74.71,0,0,0
-11.46,-77.42,0,0,1
-7.85,-74.67,0,0,0
-15.61,-74.45,0,0,1
-10.88,-74.0,0,0,0
-5.42,-80.33,0,0,0
-12.01,-77.44,0,0,0
-15.81,-74.62,0,0,0
-14.93,-75.29,0,0,0
-9.39,-78.32,3,1,0
-16.55,-72.7,8,1,7
-5.36,-76.32,1,0,0
-16.01,-74.17,0,0,0
-5.85,-75.96,0,0,0
-9.66,-79.62,0,0,0
-14.69,-74.31,0,0,0
-13.27,-76.33,1,0,0
-4.93,-80.8,8,0,3
-16.02,-70.55,1,0,0
-12.49,-76.83,2,0,1
-14.33,-75.74,1,0,1
-10.33,-74.24,0,0,0
-12.5,-76.76,2,1,1
-14.94,-70.84,0,0,0
-17.42,-71.85,0,0,0
-17.47,-71.2,0,0,0
-15.72,-72.1,0,0,2
-8.85,-79.41,0,0,0
-9.27,-79.05,0,0,0
-17.8,-70.23,0,0,0
-9.15,-79.2,0,0,0
-5.71,-77.25,0,0,0
-12.85,-75.34,0,0,0
-15.39,-74.35,0,0,1
-8.05,-74.37,0,0,0
-10.55,-78.56,0,0,0
-10.81,-74.99,0,0,0
-13.77,-71.62,0,0,3
-3.21,-75.9,0,0,0
-8.71,-76.16,0,0,0
-17.08,-70.8,2,1,4
-19.07,-69.4,0,0,0
-14.53,-76.42,0,0,0
-14.87,-71.31,0,0,0
-18.61,-71.26,0,0,0
-14.88,-75.51,0,0,0
-13.72,-76.47,0,0,0
-16.71,-69.9,0,0,0
-16.17,-69.72,2,0,1
-8.82,-79.49,0,0,0
-2.68,-79.51,0,0,0
-9.13,-77.62,4,0,0
-5.51,-77.01,0,0,0
-10.36,-74.53,0,0,0
-3.79,-79.36,1,0,0
-14.62,-76.52,0,0,0
-14.14,-75.79,29,2,8
-13.43,-71.93,3,1,3
-10.46,-78.8,0,0,0
-12.32,-76.91,9,1,4
-13.62,-75.81,0,0,0
-5.76,-81.1,2,0,1
-12.55,-75.28,1,0,0
-8.9,-76.11,1,1,1
-10.02,-79.09,0,0,0
-15.73,-72.08,0,0,2
-4.87,-80.82,6,0,2
-4.4,-80.89,0,0,0
-8.06,-80.03,0,0,0
-14.3,-72.91,1,0,1
-17.12,-70.54,0,0,0
-12.94,-73.93,1,0,1
-15.99,-74.57,0,0,0
-15.25,-75.89,0,0,0
-4.89,-80.8,8,0,3
-2.21,-80.04,3,1,0
-16.09,-74.27,0,0,0
-15.33,-71.87,0,0,0
-11.92,-77.4,0,0,0
-13.33,-76.49,0,0,0
-3.55,-81.11,0,0,0
-8.07,-76.13,0,0,0
-10.83,-75.6,0,0,0
-8.83,-74.65,0,0,0
-12.62,-71.23,0,0,0
-13.45,-74.97,0,0,0
-13.62,-76.9,0,0,0
-13.21,-74.59,0,0,0
-16.35,-74.02,0,0,0
-10.51,-78.43,0,0,0
-11.29,-74.49,0,0,0
-16.55,-71.57,4,0,2
-13.8,-75.82,0,0,1
-9.68,-79.0,0,0,0
-14.51,-73.99,0,0,0
-11.91,-77.44,0,0,0
-12.17,-77.41,0,0,0
-14.88,-70.74,0,0,0
-12.2,-77.47,0,0,0
-12.18,-77.39,0,0,0
-10.28,-77.02,0,0,0
-6.35,-80.11,0,0,0
-18.01,-69.83,0,0,0
-15.56,-71.47,2,0,1
-7.51,-76.25,0,0,0
-16.37,-72.73,0,0,0
-13.62,-72.84,3,2,7
-9.36,-79.22,0,0,0
-15.79,-74.24,2,0,2
-3.95,-76.91,0,0,0
-11.04,-74.61,0,0,0
-9.77,-78.73,0,0,0
-8.41,-74.5,21,2,2
-7.81,-79.68,0,0,0
-10.77,-78.11,0,0,0
-10.61,-75.38,2,1,1
-12.85,-73.9,0,0,0
-14.02,-75.37,0,0,0
-2.79,-77.82,0,0,0
-13.7,-72.0,0,0,2
-18.09,-71.36,0,0,0
-5.82,-78.54,0,0,0
-13.48,-75.97,0,0,1
-4.48,-80.74,0,0,0
-5.84,-81.04,2,0,1
-12.19,-76.88,42,5,20
-6.03,-80.67,0,0,0
-14.77,-75.74,0,0,0
-6.83,-75.93,0,0,0
-16.24,-72.0,0,0,0
-14.22,-75.77,5,0,2
-8.1,-74.63,0,0,0
-15.03,-75.78,0,0,0
-14.97,-75.68,0,0,0
-15.06,-75.87,0,0,0
-15.07,-75.8,0,0,0
-15.04,-75.79,0,0,0
-19.5,-69.49,0,0,0
-14.43,-75.65,0,0,1
-8.05,-76.32,0,0,0
-9.61,-74.9,0,0,0
-9.08,-79.33,0,0,0
-8.82,-75.64,0,0,0
-11.8,-76.05,0,0,0
-12.65,-76.81,0,0,0
-15.71,-75.27,0,0,0
-4.64,-76.85,0,0,0
-4.23,-80.85,0,0,0
-15.8,-74.54,0,0,0
-18.05,-69.95,0,0,0
-18.44,-71.46,0,0,0
-12.61,-76.79,0,0,0
-18.4,-71.48,0,0,0
-14.9,-74.19,0,0,0
-4.9,-80.74,17,3,9
-12.55,-76.89,0,0,0
-9.96,-74.79,0,0,0
-5.49,-80.0,1,0,0
-4.88,-80.83,6,0,2
-11.83,-77.74,0,0,0
-5.86,-81.28,0,0,0
-5.92,-81.62,0,0,0
-16.49,-74.07,0,0,0
-11.96,-76.74,17,2,4
-14.44,-72.17,2,0,1
-11.92,-77.34,0,0,0
-18.41,-69.54,0,0,0
-12.7,-76.63,4,2,2
-12.93,-76.78,0,0,0
-16.01,-74.49,0,0,0
-4.07,-81.04,1,0,1
-4.05,-81.04,1,0,1
-4.0,-80.97,1,0,1
-4.01,-80.95,1,0,1
-4.03,-81.03,2,0,1
-4.02,-80.88,1,0,1
-3.98,-81.08,0,0,0
-15.99,-74.49,0,0,0
-8.16,-74.42,0,0,0
-13.51,-72.5,0,0,2
-3.83,-80.82,0,0,0
-12.08,-77.27,0,0,0
-11.56,-75.74,0,0,0
-17.73,-70.81,0,0,2
-15.66,-71.84,3,0,1
-3.04,-80.11,0,0,0
-14.21,-71.5,0,0,2
-14.55,-72.65,0,0,0
-3.05,-80.85,0,0,0
-10.86,-75.05,0,0,0
-14.54,-72.66,0,0,0
-10.3,-75.69,0,0,0
-11.07,-74.69,0,0,0
-11.04,-76.65,0,0,0
-6.41,-78.83,2,0,0
-3.83,-77.48,0,0,0
-6.35,-75.83,0,0,0
-15.69,-71.92,2,0,1
-7.32,-74.98,0,0,1
-12.77,-76.54,3,1,1
-3.57,-77.8,0,0,0
-11.36,-74.6,0,0,0
-15.68,-74.87,0,0,0
-13.82,-69.7,0,0,0
-14.41,-73.77,0,0,0
-8.38,-74.34,0,0,0
-13.29,-76.24,2,0,0
-9.8,-75.59,0,0,0
-5.25,-79.43,5,0,2
-12.46,-76.98,0,0,0
-9.49,-79.51,0,0,0
-10.18,-75.7,0,0,0
-11.72,-75.81,0,0,0
-4.05,-80.86,0,0,0
-4.02,-80.94,1,0,1
-9.43,-75.81,0,0,0
-5.43,-76.28,0,0,0
-13.9,-75.83,0,0,3
-15.64,-74.13,0,0,0
-9.41,-76.22,0,0,0
-7.49,-79.96,0,0,0
-3.52,-77.41,0,0,0
-8.15,-75.94,0,0,0
-12.42,-76.87,1,1,3
-15.1,-75.13,0,0,0
-9.92,-75.76,0,0,0
-16.06,-74.6,0,0,0
-8.18,-77.88,2,0,1
-9.45,-77.62,14,1,2
-4.95,-80.81,3,0,2
-12.6,-76.77,0,1,0
-12.74,-76.86,0,0,0
-8.78,-74.91,0,0,0
-3.63,-80.72,2,0,1
-15.13,-73.28,0,0,0
-9.56,-75.62,0,0,0
-10.6,-75.35,2,1,1
-13.62,-74.8,0,0,0
-12.7,-77.08,0,0,0
-6.08,-75.71,0,0,0
-15.1,-75.77,0,0,0
-10.86,-76.64,0,0,0
-11.69,-74.37,0,0,0
-5.91,-81.74,0,0,0
-6.91,-76.59,0,0,0
-18.04,-69.89,0,0,0
-16.79,-72.67,0,0,0
-9.07,-75.79,0,0,0
-12.25,-76.31,1,0,0
-5.22,-81.02,0,0,0
-16.76,-70.61,4,0,2
-13.51,-71.83,10,3,5
-14.53,-76.31,0,0,0
-11.15,-78.17,0,0,0
-16.33,-72.45,0,0,0
-15.18,-75.91,0,0,0
-5.39,-80.93,0,0,0
-5.53,-80.82,6,1,1
-10.55,-75.43,2,1,1
-15.75,-71.74,0,0,0
-11.14,-73.93,0,0,0
-16.51,-72.21,0,0,0
-13.1,-75.8,0,0,0
-12.75,-73.32,0,0,0
-4.81,-76.47,0,0,1
-11.29,-73.31,0,0,0
-12.27,-76.88,19,4,11
-11.97,-77.33,0,0,0
-5.78,-78.69,0,0,1
-13.57,-77.08,0,0,0
-16.18,-69.81,0,0,0
-9.88,-74.99,0,0,1
-6.04,-75.23,0,0,0
-11.1,-75.14,0,0,0
-16.29,-72.45,1,0,1
-20.31,-69.35,0,0,0
-4.71,-77.88,0,0,0
-14.71,-75.74,0,0,0
-11.96,-76.37,0,0,1
-5.98,-76.65,0,0,0
-10.03,-75.65,0,0,0
-3.11,-80.83,0,0,0
-12.13,-77.03,239,26,62
-16.02,-74.41,0,0,0
-5.34,-78.65,0,0,0
-7.48,-79.96,0,0,0
-15.77,-71.76,0,0,0
-16.16,-70.52,1,0,1
-16.78,-71.47,0,0,0
-11.76,-77.62,0,0,0
-11.79,-77.24,7,2,3
-8.81,-75.76,0,0,0
-8.36,-75.09,0,0,0
-15.78,-74.6,0,0,0
-15.55,-75.53,0,0,0
-16.28,-73.2,0,0,0
-5.78,-80.31,0,0,0
-12.23,-77.25,0,0,0
-13.72,-69.89,0,0,0
-16.09,-73.3,0,0,0
-17.81,-69.85,0,0,0
-14.02,-72.92,0,0,0
-17.6,-72.43,0,0,0
-8.47,-74.34,0,0,0
-8.12,-78.12,1,0,0
-5.3,-80.95,0,0,0
-8.66,-74.67,0,0,0
-10.56,-70.83,0,0,0
-12.99,-75.28,0,0,0
-5.47,-77.36,0,0,0
-18.43,-71.46,0,0,0
-18.2,-70.28,0,0,0
-16.04,-74.4,0,0,0
-11.96,-75.0,0,0,0
-9.82,-75.56,0,0,0
-12.96,-76.7,0,0,0
-17.75,-69.68,0,0,0
-14.57,-72.15,0,0,0
-17.97,-71.86,0,0,0
-15.43,-74.05,0,0,0
-16.84,-71.5,0,0,0
-5.19,-79.16,0,0,0
-14.56,-75.48,0,0,0
-8.93,-80.16,0,0,0
-7.98,-74.68,0,0,0
-9.56,-76.02,0,0,0
-14.29,-76.62,0,0,0
-4.87,-81.46,0,0,0
-17.1,-69.71,0,0,0
-12.48,-77.04,0,0,0
-12.51,-77.11,0,0,0
-12.47,-77.03,0,0,0
-17.07,-70.11,0,0,0
-12.64,-76.78,0,0,0
-15.7,-71.71,1,0,0
-12.67,-76.89,0,0,0
-14.29,-75.8,0,0,0
-15.23,-75.79,0,0,0
-11.68,-76.73,0,0,0
-11.08,-78.1,0,0,0
-16.67,-72.38,0,0,1
-9.77,-78.75,0,0,0
-5.74,-78.69,0,0,1
-4.28,-80.58,0,0,1
-6.55,-76.28,4,0,4
-11.76,-77.53,0,0,0
-14.27,-77.3,0,0,0
-11.71,-77.4,0,0,0
-15.24,-70.95,0,0,0
-11.26,-74.7,2,1,1
-11.24,-74.7,2,1,1
-12.11,-71.63,0,0,0
-1.07,-77.54,0,0,0
-2.88,-75.25,0,0,0
-3.95,-80.81,0,0,0
-3.72,-79.04,0,0,0
-11.3,-76.53,0,0,0
-15.81,-71.72,0,0,0
-5.41,-80.32,0,0,0
-16.32,-73.64,0,0,0
-19.7,-69.96,0,0,0
-11.31,-74.76,0,0,0
-15.85,-73.33,1,0,1
-10.95,-77.1,0,0,0
-15.87,-69.41,0,0,0
-7.7,-75.67,0,0,0
-15.97,-74.59,0,0,0
-16.12,-75.12,0,0,0
-11.42,-78.02,0,0,0
-19.45,-69.79,0,0,0
-3.66,-80.85,0,0,1
-6.24,-76.68,0,0,0
-12.68,-76.61,3,1,1
-12.58,-76.73,0,2,1
-9.81,-77.29,0,0,0
-3.26,-80.3,0,0,0
-7.83,-77.98,1,0,0
-15.59,-74.33,0,0,0
-10.16,-78.95,0,0,0
-4.42,-77.72,0,0,0
-11.31,-77.82,0,0,0
-15.78,-71.8,0,0,0
-15.69,-72.02,1,0,3
-11.76,-73.02,0,0,1
-2.67,-76.7,0,0,0
-16.73,-70.2,0,0,0
-18.36,-70.03,0,0,0
-13.6,-72.65,2,1,0
-2.77,-79.91,0,0,0
-2.28,-77.66,0,0,0
-16.31,-73.81,0,0,0
-16.69,-71.33,1,0,0
-4.77,-79.76,0,0,0
-13.78,-71.92,0,0,1
-8.5,-76.31,0,0,0
-15.75,-69.91,0,0,0
-15.61,-70.73,0,0,0
-5.74,-78.72,2,0,1
-2.09,-77.56,0,0,0
-13.26,-76.85,0,0,0
-18.28,-69.97,0,0,0
-12.92,-76.34,1,0,1
-15.9,-74.7,0,0,0
-4.11,-80.82,0,0,0
-4.08,-80.86,0,0,0
-15.54,-71.84,3,0,1
-15.23,-74.64,0,0,0
-9.04,-74.94,0,0,0
-5.83,-77.27,0,0,0
-3.68,-79.94,0,0,0
-3.23,-80.64,0,0,0
-12.75,-77.21,0,0,0
-9.64,-75.72,0,0,0
-6.26,-80.13,0,0,0
-18.26,-69.88,0,0,0
-12.44,-77.13,0,0,0
-9.14,-75.69,0,0,0
-11.63,-77.36,2,0,1
-10.67,-75.43,0,0,0
-13.83,-71.9,0,0,2
-3.84,-80.5,0,0,0
-11.41,-74.8,0,0,0
-12.94,-76.69,0,0,0
-14.47,-76.43,0,0,0
-14.98,-71.69,1,0,0
-8.0,-78.09,0,0,0
-10.69,-78.71,0,0,0
-11.66,-77.49,0,0,0
-9.76,-78.71,0,0,0
-12.78,-77.29,0,0,0
-14.7,-76.31,0,0,0
-12.49,-76.66,1,1,0
-17.78,-69.79,0,0,0
-5.63,-78.82,2,1,0
-18.26,-69.6,0,0,1
-12.7,-76.92,0,0,0
-17.62,-71.88,0,0,0
-9.81,-78.79,0,0,0
-11.86,-78.59,0,0,0
-9.6,-78.43,0,0,0
-4.88,-76.49,0,0,1
-11.95,-75.04,0,0,0
-14.81,-76.16,0,0,0
-3.79,-80.58,0,0,0
-10.89,-73.75,0,0,0
-13.8,-73.09,0,0,1
-11.41,-77.55,0,0,0
-13.58,-72.87,4,2,7
-9.39,-79.19,0,0,0
-16.32,-74.51,0,0,0
-11.91,-74.95,0,0,0
-16.63,-69.3,0,0,1
-17.74,-69.92,1,0,0
-3.54,-80.76,0,0,0
-3.53,-80.6,0,0,1
-16.74,-71.55,0,0,0
-15.82,-74.66,0,0,0
-3.76,-80.41,1,0,1
-16.13,-73.47,0,0,0
-9.71,-79.11,0,0,0
-20.25,-69.26,0,0,0
-2.29,-79.87,27,11,2
-8.13,-78.09,1,0,0
-16.55,-71.61,1,0,1
-17.58,-70.92,0,0,2
-8.71,-74.77,0,0,0
-9.06,-78.71,0,0,0
-5.93,-81.28,0,0,0
-11.16,-76.95,0,0,0
-12.56,-76.88,1,0,1
-6.49,-81.62,0,0,0
-15.63,-72.02,1,0,1
-15.69,-71.99,1,0,1
-8.71,-80.27,0,0,0
-17.15,-70.67,0,0,0
-8.83,-74.81,0,0,0
-8.32,-76.48,0,0,0
-4.56,-80.8,0,0,0
-2.32,-77.7,0,0,0
-9.92,-80.08,0,0,0
-10.98,-75.3,2,2,0
-15.21,-75.89,0,0,0
-5.97,-76.64,0,0,0
-11.9,-77.5,0,0,0
-14.9,-73.61,0,0,0
-4.18,-80.41,0,0,0
-16.84,-69.7,0,0,0
-11.41,-77.65,0,0,0
-15.37,-76.07,0,0,0
-15.05,-76.29,0,0,0
-13.7,-71.86,0,0,2
-13.34,-75.01,0,0,0
-4.86,-80.86,6,0,2
-8.12,-77.92,1,0,1
-4.89,-80.81,6,0,3
-8.13,-77.93,1,0,1
-12.89,-74.0,0,0,0
-15.86,-75.56,0,0,0
-16.18,-73.49,0,0,0
-6.96,-80.6,0,0,0
-8.48,-80.04,0,0,0
-14.9,-75.45,0,0,0
-11.72,-75.87,0,0,0
-13.94,-76.03,0,0,0
-18.56,-71.42,0,0,0
-9.48,-75.84,0,0,0
-8.54,-77.54,3,0,0
-3.9,-77.77,0,0,0
-12.54,-77.15,0,0,0
-9.33,-78.93,0,0,0
-10.42,-77.76,0,0,0
-7.25,-76.3,0,0,0
-7.78,-76.88,0,0,0
-15.26,-75.11,0,0,0
-14.1,-73.16,0,0,1
-15.67,-70.84,0,0,0
-18.24,-71.26,0,0,0
-11.69,-77.39,0,0,0
-15.12,-73.14,0,0,0
-8.02,-77.82,1,0,0
-18.61,-70.12,0,0,0
-13.47,-75.89,0,0,0
-3.19,-80.98,0,0,0
-8.65,-77.82,1,0,0
-16.72,-73.0,0,0,0
-14.25,-73.01,0,0,1
-11.55,-76.99,0,0,0
-12.24,-77.17,0,0,0
-9.83,-77.28,0,0,0
-3.74,-80.28,1,0,0
-8.64,-79.92,0,0,0
-11.55,-78.21,0,0,0
-15.83,-75.35,0,0,0
-17.84,-70.22,0,0,1
-15.8,-75.18,0,0,0
-13.96,-73.63,1,0,0
-8.48,-75.13,0,0,0
-5.77,-78.75,2,1,1
-12.15,-77.2,10,4,5
-15.61,-74.5,0,0,1
-16.81,-71.35,0,0,0
-8.67,-75.98,0,0,0
-5.72,-79.51,2,0,0
-11.18,-73.28,0,0,0
-9.42,-79.19,0,0,0
-12.36,-73.26,0,0,0
-8.41,-80.13,0,0,0
-14.25,-76.03,0,0,0
-16.86,-71.49,0,0,0
-15.17,-73.1,0,0,1
-4.93,-77.71,0,0,0
-14.27,-75.82,0,0,0
-15.4,-74.82,0,0,0
-2.35,-79.93,5,1,0
-18.46,-71.4,0,0,0
-15.72,-71.37,0,0,0
-13.77,-75.89,0,0,1
-10.64,-75.05,0,0,0
-15.14,-73.9,0,0,0
-5.0,-81.78,0,0,0
-18.42,-69.73,0,0,0
-8.91,-81.41,0,0,0
-9.96,-78.86,0,0,0
-11.31,-74.87,0,0,0
-16.28,-74.43,0,0,0
-9.0,-75.19,0,0,0
-5.51,-80.61,2,0,0
-12.73,-76.84,0,0,0
-9.03,-75.57,1,0,1
-9.15,-78.93,0,0,0
-9.7,-78.93,0,0,0
-6.13,-80.73,0,0,0
-8.89,-74.84,0,0,0
-10.27,-75.64,0,0,0
-7.95,-76.3,0,0,0
-17.68,-69.72,0,0,0
-14.8,-71.91,0,0,0
-6.31,-77.55,3,0,2
-13.61,-77.09,0,0,0
-4.98,-81.21,0,0,0
-8.35,-76.07,0,0,0
-4.39,-80.85,0,0,0
-16.77,-72.23,0,0,0
-16.79,-72.68,0,0,0
-14.2,-75.2,0,0,0
-8.31,-75.6,0,0,0
-15.92,-74.79,0,0,0
-11.91,-77.31,0,0,0
-16.21,-73.81,0,0,0
-12.61,-76.93,0,0,0
-8.94,-76.17,1,1,1
-10.04,-75.46,0,0,0
-14.02,-76.19,0,0,0
-11.67,-76.29,1,0,2
-11.79,-77.5,0,0,0
-16.49,-72.66,1,0,1
-12.67,-75.61,0,0,0
-4.29,-75.62,0,0,0
-11.7,-77.63,0,0,0
-12.47,-76.69,1,1,3
-17.53,-69.99,1,1,3
-5.09,-76.41,0,0,0
-12.5,-76.73,2,1,1
-14.85,-75.34,0,0,0
-12.49,-76.77,2,1,1
-12.48,-76.75,2,1,2
-15.15,-74.22,0,0,0
-15.67,-74.18,0,0,0
-9.0,-80.11,0,0,0
-13.15,-75.71,0,0,0
-15.58,-75.14,0,0,0
-13.78,-71.9,0,0,1
-17.61,-69.69,1,0,0
-19.17,-67.68,0,0,0
-5.81,-78.75,0,0,1
-5.36,-80.54,3,0,0
-4.88,-80.9,7,0,4
-14.93,-71.95,0,0,0
-16.87,-73.34,0,0,0
-8.68,-74.48,0,0,0
-16.07,-71.58,0,0,0
-7.21,-76.81,2,1,0
-14.84,-75.31,0,0,0
-12.57,-76.85,1,0,1
-12.72,-76.71,2,1,1
-17.66,-70.72,1,1,1
-11.3,-73.3,0,0,0
-14.32,-75.9,0,0,0
-16.25,-73.59,1,0,1
-11.34,-74.47,1,0,0
-12.7,-77.36,0,0,0
-8.47,-75.6,0,0,0
-16.74,-71.21,1,0,0
-9.98,-79.04,0,0,0
-8.8,-74.73,0,0,0
-17.84,-69.64,0,0,0
-9.79,-80.3,0,0,0
-11.41,-77.8,0,0,0
-10.7,-78.46,0,0,0
-16.03,-74.67,0,0,0
-2.35,-77.01,0,0,0
-17.44,-69.94,1,1,1
-10.77,-78.22,0,0,0
-3.95,-80.62,1,0,1
-10.07,-78.92,0,0,0
-15.15,-73.52,0,0,0
-12.75,-76.9,0,0,0
-8.81,-74.62,0,0,0
-16.62,-72.52,0,0,0
-9.54,-75.3,0,0,0
-14.84,-71.99,0,0,0
-17.69,-70.55,0,0,0
-15.96,-72.97,0,0,0
-5.81,-76.69,0,0,0
-15.37,-73.12,0,0,0
-13.45,-77.09,0,0,0
-16.89,-72.28,0,0,0
-9.45,-75.83,0,0,0
-12.89,-73.95,0,0,0
-15.52,-74.78,1,0,1
-8.4,-77.7,0,0,0
-14.31,-72.85,1,0,1
-15.69,-71.56,2,0,1
-15.98,-74.58,0,0,0
-10.38,-75.51,0,0,1
-11.01,-76.55,0,0,0
-15.36,-71.84,0,0,0
-11.23,-74.34,0,0,0
-9.99,-78.96,0,0,0
-11.84,-76.26,1,0,1
-4.89,-80.88,6,0,3
-14.49,-73.74,0,0,0
-2.77,-81.24,0,0,0
-2.81,-81.29,0,0,0
-2.77,-81.23,0,0,0
-9.79,-75.16,0,0,0
-12.32,-76.23,2,0,0
-10.78,-75.45,0,0,0
-12.59,-76.88,0,0,0
-3.77,-80.26,1,0,0
-15.81,-74.32,3,0,2
-6.08,-76.42,0,0,0
-6.07,-76.48,0,0,0
-15.06,-75.75,0,0,0
-11.65,-77.34,2,1,1
-17.46,-70.85,0,0,0
-16.66,-72.14,0,0,0
-11.35,-76.86,0,0,0
-8.54,-79.95,0,0,0
-17.26,-70.93,12,3,5
-5.76,-76.88,0,0,0
-8.98,-79.43,0,0,0
-12.91,-74.03,0,0,0
-12.58,-76.87,0,0,0
-12.9,-77.0,0,0,0
-15.0,-75.74,0,0,0
-7.63,-78.26,0,0,0
-14.44,-74.54,0,0,0
-3.69,-80.05,2,0,0
-9.25,-75.3,0,0,0
-11.22,-73.31,0,0,0
-11.09,-73.44,0,0,0
-10.29,-75.68,0,0,0
-16.16,-75.06,0,0,0
-15.62,-70.17,0,0,1
-8.65,-74.94,0,0,0
-16.88,-73.0,0,0,0
-13.61,-74.86,0,0,0
-15.5,-74.19,0,0,0
-8.13,-78.11,1,0,0
-17.19,-70.84,7,2,5
-13.94,-76.28,0,0,0
-18.22,-69.66,0,0,0
-7.51,-79.91,0,0,0
-16.11,-73.45,0,0,0
-8.72,-76.16,0,0,0
-8.35,-75.08,0,0,0
-3.7,-81.07,0,0,0
-4.32,-80.4,0,0,0
-19.73,-68.27,1,0,0
-8.03,-74.53,0,0,0
-16.51,-72.81,0,0,2
-9.69,-78.95,0,0,0
-18.63,-70.77,0,0,0
-14.34,-75.75,1,0,1
-9.69,-74.21,0,0,0
-6.77,-74.18,0,0,0
-13.62,-74.24,0,0,0
-13.63,-74.24,0,0,0
-4.47,-80.34,0,0,0
-8.44,-80.08,0,0,0
-7.12,-74.44,0,0,0
-8.55,-76.45,0,0,0
-15.97,-75.32,0,0,0
-16.0,-74.59,0,0,0
-15.59,-71.59,2,0,1
-16.74,-72.39,0,0,1
-13.84,-71.87,0,0,2
-15.91,-74.44,0,0,0
-13.69,-71.76,0,0,4
-13.37,-76.22,10,0,4
-14.31,-73.21,0,0,2
-14.81,-73.7,0,0,0
-16.14,-72.8,0,0,0
-15.05,-73.04,0,0,0
-7.41,-80.23,0,0,0
-12.87,-76.83,0,0,0
-8.19,-74.41,0,0,0
-4.01,-76.86,0,0,0
-8.83,-74.7,0,0,0
-9.35,-79.17,0,0,0
-15.14,-74.36,0,0,0
-18.33,-71.13,0,0,0
-11.51,-77.87,0,0,0
-9.4,-75.23,0,0,0
-9.16,-75.78,0,0,0
-12.95,-76.7,0,0,0
-9.57,-76.1,0,0,0
-16.07,-75.18,0,0,0
-10.36,-75.73,0,0,0
-16.1,-75.25,0,0,0
-16.09,-74.52,0,0,0
-12.83,-77.01,0,0,0
-12.42,-76.84,2,1,6
-13.5,-71.76,1,1,5
-14.29,-73.93,0,0,1
-12.06,-74.32,0,0,0
-15.2,-72.53,0,0,0
-16.67,-72.44,0,0,1
-7.48,-74.76,0,0,0
-10.48,-74.7,0,0,0
-15.49,-75.01,0,0,0
-8.71,-79.68,0,0,0
-17.12,-70.37,0,0,0
-9.09,-75.14,0,0,0
-12.47,-77.07,0,0,0
-16.31,-73.41,0,0,0
-12.21,-72.14,0,0,0
-3.75,-78.53,0,0,0
-3.77,-75.85,0,0,0
-16.12,-74.75,0,0,0
-17.22,-70.86,12,3,5
-16.83,-71.56,0,0,0
-10.11,-75.6,0,0,0
-15.76,-71.93,0,0,0
-15.23,-73.96,0,0,0
-9.04,-75.68,0,0,0
-13.02,-76.67,0,0,0
-16.19,-74.4,0,0,0
-16.16,-74.37,0,0,0
-14.39,-76.23,0,0,0
-12.91,-76.83,0,0,0
-3.23,-80.25,0,0,0
-14.77,-75.6,0,0,0
-15.67,-70.79,0,0,0
-14.11,-74.0,0,0,0
-3.13,-76.69,0,0,0
-14.31,-76.47,0,0,0
-12.58,-76.86,0,0,0
-12.2,-77.65,0,0,0
-4.92,-78.81,0,0,0
-18.03,-70.14,7,2,4
-13.72,-75.94,0,0,2
-15.78,-74.93,0,0,0
-22.78,-69.17,0,0,0
-11.4,-73.29,0,0,0
-15.92,-74.45,0,0,0
-13.93,-76.02,0,0,0
-14.91,-75.78,0,0,0
-15.72,-71.72,0,0,0
-16.03,-74.52,0,0,0
-15.72,-70.81,0,0,0
-17.49,-69.36,0,0,1
-12.39,-73.03,0,0,0
-15.73,-74.93,0,0,0
-9.34,-79.25,0,0,0
-16.29,-74.99,0,0,0
-13.28,-76.44,0,0,0
-16.21,-75.01,0,0,0
-17.66,-69.9,0,0,0
-8.22,-79.73,0,0,0
-14.66,-73.76,0,0,0
-15.74,-74.81,0,0,0
-15.86,-74.59,0,0,0
-8.67,-74.66,0,0,0
-13.14,-76.7,0,0,0
-5.97,-81.57,0,0,0
-5.69,-77.54,0,0,0
-14.29,-74.5,0,0,0
-15.94,-74.44,0,0,0
-16.1,-75.03,0,0,0
-16.05,-75.21,0,0,0
-16.15,-74.99,0,0,0
-16.11,-75.06,0,0,0
-16.22,-74.98,0,0,0
-16.1,-74.85,0,0,0
-15.97,-74.8,0,0,0
-16.12,-74.96,0,0,0
-16.06,-74.53,0,0,0
-14.16,-71.45,1,0,4
-11.63,-73.95,0,0,0
-11.65,-73.82,0,0,0
-15.67,-75.18,0,0,0
-15.81,-73.12,0,0,0
-8.42,-76.41,0,0,0
-16.65,-73.54,0,0,0
-8.47,-76.46,0,0,0
-11.0,-76.28,0,0,1
-11.8,-75.51,4,1,0
-14.87,-76.12,0,0,0
-14.84,-76.12,0,0,0
-16.0,-74.74,0,0,0
-8.78,-74.97,0,0,0
-15.77,-74.6,0,0,0
-9.41,-79.06,0,0,0
-15.85,-74.55,0,0,0
-15.92,-75.24,0,0,0
-10.81,-78.32,0,0,0
-8.22,-74.67,0,0,0
-9.63,-75.64,0,0,0
-15.81,-74.86,0,0,0
-16.0,-74.35,0,0,0
-16.05,-74.45,0,0,0
-16.01,-74.67,0,0,0
-15.98,-74.59,0,0,0
-16.05,-74.66,0,0,0
-16.12,-74.65,0,0,0
-16.2,-74.59,0,0,0
-15.88,-74.64,0,0,0
-15.8,-74.6,0,0,0
-16.05,-74.7,0,0,0
-4.18,-78.21,0,0,0
-15.79,-74.74,0,0,0
-16.0,-74.72,0,0,0
-15.94,-74.66,0,0,0
-16.0,-74.62,0,0,0
-16.01,-74.84,0,0,0
-16.11,-74.72,0,0,0
-13.85,-75.93,0,0,2
-15.74,-75.43,0,0,0
-14.4,-74.46,0,0,0
-6.55,-76.65,1,0,0
-15.59,-71.56,2,0,1
-14.55,-75.67,0,0,0
-15.96,-74.45,0,0,0
-15.55,-71.58,2,0,1
-15.61,-71.6,2,0,1
-15.55,-71.55,3,0,2
-16.02,-74.6,0,0,0
-12.97,-77.35,0,0,0
-16.01,-74.6,0,0,0
-8.8,-76.26,0,0,0
-15.56,-71.59,2,0,1
-14.36,-74.29,0,0,0
-12.58,-77.03,0,0,0
-12.16,-74.77,0,0,0
-15.64,-71.58,2,0,1
-7.11,-76.34,0,0,0
-7.7,-75.64,0,0,0
-17.61,-71.36,8,4,6
-4.14,-77.49,0,0,0
-17.17,-70.78,0,0,1
-15.86,-74.79,0,0,0
-13.27,-76.49,0,0,0
-4.1,-80.81,0,0,0
-17.06,-70.95,0,0,0
-11.83,-75.5,4,1,0
-6.53,-80.91,0,0,0
-3.95,-77.01,0,0,0
-15.93,-74.38,0,0,0
-15.96,-74.39,0,0,0
-16.02,-74.54,0,0,0
-16.01,-74.51,0,0,0
-16.09,-74.53,0,0,0
-11.02,-79.44,0,0,0
-16.88,-72.29,0,0,0
-19.17,-70.7,0,0,0
-8.8,-76.31,0,0,0
-8.77,-76.24,0,0,0
-15.61,-71.55,2,0,1
-18.03,-69.79,0,0,0
-15.6,-71.57,2,0,1
-8.67,-77.85,0,0,0
-14.99,-71.94,0,0,0
-16.82,-72.59,0,0,0
-15.25,-75.11,0,0,0
-9.21,-79.39,0,0,0
-15.57,-71.56,2,0,1
-17.8,-70.69,0,0,0
-7.13,-76.25,0,0,0
-8.33,-80.15,0,0,0
-7.03,-77.06,0,0,0
-6.25,-76.61,0,0,0
-18.35,-70.77,0,0,0
-11.82,-77.12,38,7,10
-6.1,-76.42,0,0,0
-16.81,-71.78,0,0,0
-15.3,-73.15,0,0,1
-13.58,-77.03,0,0,0
-11.89,-75.98,0,0,0
-8.84,-75.9,0,0,0
-9.04,-79.17,0,0,0
-13.24,-74.41,0,0,0
-18.57,-71.57,0,0,0
-14.42,-76.34,0,0,0
-15.62,-74.2,0,0,0
-9.91,-74.82,0,0,0
-14.93,-74.73,0,0,0
-12.59,-77.17,0,0,0
-7.37,-79.97,0,0,0
-15.49,-70.26,0,0,0
-13.53,-76.2,1,0,1
-9.2,-77.51,0,0,0
-3.74,-79.89,0,0,0
-15.02,-70.38,1,0,2
-13.23,-76.85,0,0,0
-14.48,-73.63,0,0,0
-14.33,-76.25,0,0,0
-15.71,-71.88,0,0,0
-9.38,-79.04,0,0,0
-11.42,-76.34,0,0,0
-14.49,-76.31,0,0,0
-14.51,-76.28,0,0,0
-14.54,-76.33,0,0,0
-14.27,-76.18,0,0,0
-15.23,-76.7,0,0,0
-11.39,-76.34,0,0,0
-14.5,-76.32,0,0,0
-2.63,-77.87,0,0,0
-4.51,-77.68,0,0,0
-17.29,-71.88,0,0,0
-9.92,-74.78,0,0,0
-4.09,-77.89,0,0,0
-11.47,-75.81,0,0,0
-10.78,-73.87,0,0,0
-8.88,-78.51,0,0,0
-14.69,-75.39,0,0,0
-15.58,-74.82,1,0,1
-8.81,-75.66,0,0,0
-8.18,-75.21,0,0,0
-15.7,-73.93,0,0,0
-17.85,-69.83,0,0,0
-9.81,-80.02,0,0,0
-15.35,-75.37,0,0,0
-11.14,-78.05,0,0,0
-4.4,-81.79,0,0,0
-10.84,-73.7,0,0,0
-10.74,-74.92,0,0,0
-3.51,-77.54,0,0,0
-15.62,-71.54,2,0,1
-12.44,-76.58,0,0,0
-12.58,-76.93,0,0,0
-12.2,-77.87,0,0,0
-5.82,-75.2,0,0,0
-13.64,-76.66,0,0,0
-13.69,-71.69,0,0,5
-10.34,-75.46,0,0,1
-13.63,-71.67,1,0,5
-8.77,-76.28,0,0,0
-11.99,-77.56,0,0,0
-12.6,-76.91,0,0,0
-12.56,-76.84,1,0,1
-15.68,-70.32,1,0,2
-4.54,-76.63,0,0,0
-9.17,-75.64,0,0,0
-9.16,-75.65,0,0,0
-3.76,-80.32,0,0,0
-12.51,-76.75,2,1,1
-9.27,-75.66,0,0,0
-12.58,-76.92,0,0,0
-14.91,-75.32,0,0,0
-12.5,-76.81,2,1,1
-13.59,-72.63,2,1,0
-13.64,-72.65,0,0,0
-12.51,-76.76,2,1,1
-10.34,-75.44,0,0,1
-13.64,-71.69,2,0,6
-13.69,-71.71,0,0,5
-13.7,-71.69,0,0,4
-13.55,-71.66,0,0,3
-13.07,-77.38,0,0,0
-19.27,-69.54,0,0,0
-16.17,-73.85,0,0,0
-13.44,-71.94,19,2,8
-14.91,-71.76,0,0,0
-18.53,-71.2,0,0,0
-4.04,-80.07,3,1,0
-13.58,-71.74,2,0,6
-7.67,-74.63,0,0,0
-5.81,-76.86,0,0,0
-4.59,-81.94,0,0,0
-16.1,-74.05,0,0,0
-15.91,-74.16,2,0,2
-18.03,-71.49,0,0,0
-15.63,-71.84,3,0,1
-12.4,-75.31,0,0,0
-3.77,-81.68,0,0,0
-14.95,-72.89,0,0,0
-8.68,-75.67,0,0,0
-5.18,-81.0,1,0,0
-8.96,-75.97,0,0,0
-12.14,-74.77,0,0,0
-9.46,-75.81,0,0,0
-13.6,-71.74,2,0,5
-10.78,-74.65,0,0,0
-8.73,-74.6,0,0,0
-16.8,-71.53,0,0,0
-18.57,-70.65,0,0,0
-5.56,-77.34,0,0,0
-14.5,-76.17,0,0,0
-6.11,-76.92,4,1,1
-6.41,-80.27,0,0,0
-12.24,-77.37,0,0,0
-11.29,-76.68,0,0,0
-18.4,-71.31,0,0,0
-11.9,-76.58,0,0,1
-7.98,-76.39,0,0,0
-7.34,-74.92,0,0,1
-8.31,-77.72,0,0,0
-18.11,-71.66,0,0,0
-16.58,-73.82,0,0,0
-17.44,-68.9,0,0,0
-12.85,-76.75,0,0,0
-15.68,-74.21,0,0,0
-14.59,-72.04,0,0,0
-17.69,-71.32,8,4,6
-3.96,-81.24,0,0,0
-11.82,-75.03,0,0,0
-17.2,-70.14,1,0,0
-10.82,-75.52,0,0,0
-16.69,-69.44,0,0,0
-7.57,-74.77,0,0,0
-11.54,-77.58,0,0,0
-9.01,-78.5,11,1,4
-10.46,-75.64,0,0,0
-17.33,-71.77,0,0,0
-15.64,-72.06,1,0,1
-12.61,-76.81,0,0,0
-15.65,-71.91,2,0,1
-8.61,-76.19,0,0,0
-10.5,-75.66,0,0,0
-16.16,-74.41,0,0,0
-10.44,-75.64,0,0,0
-11.52,-77.81,0,0,0
-3.67,-80.9,0,0,0
-12.71,-76.87,0,0,0
-5.75,-78.72,2,0,1
-5.81,-78.55,0,0,0
-18.24,-70.51,1,0,1
-6.77,-79.91,23,4,7
-8.54,-76.01,0,0,0
-8.96,-75.63,0,0,0
-8.89,-75.65,0,0,0
-17.76,-69.39,0,0,0
-7.79,-74.48,0,0,0
-8.85,-74.82,0,0,0
-8.77,-72.84,0,0,0
-7.22,-74.56,0,0,0
-15.74,-72.05,0,0,2
-16.83,-71.57,0,0,0
-15.98,-74.01,0,0,0
-5.73,-78.71,0,0,1
-5.77,-78.69,0,0,1
-15.7,-71.88,1,0,0
-5.74,-78.73,2,1,1
-3.97,-79.94,1,1,0
-4.26,-80.66,0,0,0
-5.54,-79.77,0,0,0
-12.74,-76.96,0,0,0
-6.0,-79.42,0,0,0
-12.56,-76.59,0,0,1
-8.4,-75.02,0,0,0
-16.2,-70.55,1,0,1
-15.01,-75.91,0,0,0
-5.3,-81.9,0,0,0
-14.02,-74.62,0,0,0
-4.86,-76.09,0,0,0
-10.72,-78.53,0,0,0
-9.36,-79.19,0,0,0
-16.23,-75.06,0,0,0
-15.22,-71.0,0,0,0
-5.43,-77.32,0,0,0
-5.61,-80.9,3,1,0
-15.66,-74.33,0,0,0
-17.88,-70.47,0,1,2
-5.55,-77.12,0,0,0
-8.65,-74.5,0,0,0
-15.75,-71.68,0,0,0
-18.73,-69.66,0,0,0
-15.14,-73.31,0,0,0
-8.33,-80.21,0,0,0
-12.14,-74.74,0,0,0
-11.89,-74.55,0,0,0
-16.35,-74.24,0,0,0
-13.6,-76.15,1,1,1
-17.6,-73.31,0,0,0
-14.54,-72.28,0,0,0
-16.75,-71.31,1,0,0
-14.68,-73.52,0,0,0
-14.47,-73.56,0,0,0
-13.6,-76.29,0,0,0
-12.71,-75.87,0,0,1
-12.32,-77.11,0,0,0
-8.6,-74.82,0,0,0
-19.26,-69.64,0,0,0
-12.07,-76.83,24,1,7
-10.02,-74.73,0,0,0
-16.84,-71.14,0,0,0
-14.23,-75.86,0,0,0
-10.97,-75.0,0,0,0
-10.19,-80.32,0,0,0
-16.78,-71.33,1,0,0
-15.64,-74.54,0,0,1
-15.81,-71.77,0,0,0
-11.21,-75.9,1,0,0
-11.42,-73.32,0,0,0
-13.15,-75.17,0,0,0
-15.8,-71.78,0,0,0
-10.5,-76.2,2,0,0
-15.09,-73.51,0,0,0
-10.85,-74.75,0,0,0
-4.06,-79.92,1,0,0
-8.38,-75.58,0,0,0
-17.74,-69.78,0,0,0
-3.69,-78.33,0,0,0
-16.76,-71.19,1,0,0
-11.43,-73.34,0,0,0
-15.34,-71.0,0,0,0
-14.93,-71.91,0,0,0
-9.44,-79.14,0,0,0
-6.43,-76.28,4,0,4
-13.17,-75.23,0,0,0
-6.44,-76.02,0,0,0
-8.24,-77.87,2,0,1
-14.9,-71.87,0,0,0
-7.9,-74.67,0,0,0
-4.84,-78.71,0,0,0
-8.58,-75.74,0,0,0
-16.81,-71.57,0,0,0
-8.27,-74.25,0,0,0
-19.47,-70.91,0,0,0
-4.13,-77.16,0,0,0
-11.56,-77.52,0,0,0
-11.79,-77.83,0,0,0
-3.63,-79.62,6,2,1
-11.78,-77.46,0,0,0
-15.75,-71.79,0,0,0
-16.27,-72.07,0,0,1
-8.53,-75.84,0,0,0
-8.42,-75.59,0,0,0
-8.36,-75.59,0,0,0
-8.85,-75.97,0,0,0
-9.73,-78.64,0,0,0
-15.83,-75.42,0,0,0
-12.97,-76.88,0,0,0
-11.01,-78.28,0,0,0
-14.16,-73.75,0,0,0
-18.0,-73.25,0,0,0
-16.12,-72.79,0,0,0
-6.49,-75.16,0,0,0
-15.84,-71.75,0,0,0
-12.5,-76.77,2,1,1
-15.82,-71.74,0,0,0
-15.83,-71.75,0,0,0
-7.78,-80.26,0,0,0
-15.66,-74.56,0,0,1
-12.61,-76.73,0,1,1
-15.78,-71.74,0,0,0
-13.93,-76.08,0,0,0
-8.74,-74.35,0,0,0
-10.44,-75.18,0,0,0
-11.9,-77.37,0,0,0
-17.38,-72.65,0,0,0
-16.28,-72.59,0,0,0
-10.94,-76.45,0,0,1
-19.67,-70.07,0,0,0
-8.11,-80.1,0,0,0
-17.37,-72.64,0,0,0
-4.2,-77.74,0,0,0
-4.05,-80.59,0,0,0
-11.21,-74.55,1,1,0
-11.15,-74.56,0,0,0
-18.44,-69.98,0,0,0
-16.71,-71.24,2,0,1
-18.3,-70.31,0,0,2
-4.3,-80.54,0,0,1
-4.97,-78.21,0,0,0
-15.81,-71.85,0,0,0
-11.37,-73.39,0,0,0
-15.5,-71.64,0,0,0
-3.05,-77.77,0,0,0
-8.49,-74.71,0,0,0
-11.86,-76.86,0,0,0
-9.58,-78.69,0,0,0
-15.78,-71.75,0,0,0
-8.17,-71.26,0,0,0
-4.21,-80.41,0,0,0
-12.52,-76.92,0,0,0
-16.38,-74.04,0,0,0
-10.92,-73.97,0,0,0
-18.22,-71.29,0,0,0
-14.67,-76.1,0,0,0
-7.17,-80.01,0,0,0
-16.92,-69.91,0,0,0
-16.08,-72.87,0,0,0
-5.41,-77.71,0,0,0
-15.46,-70.59,0,0,0
-7.27,-71.58,0,0,0
-16.87,-72.23,0,0,0
-12.75,-76.97,0,0,0
-15.5,-71.85,0,0,0
-13.36,-74.63,0,0,0
-4.07,-77.66,0,0,0
-11.36,-77.96,0,0,0
-12.5,-76.7,1,1,0
-10.04,-75.12,0,0,0
-17.05,-72.8,0,0,0
-15.8,-71.77,0,0,0
-15.0,-72.35,0,0,0
-16.61,-71.64,0,0,0
-5.88,-76.7,0,0,0
-15.8,-72.06,0,0,2
-10.96,-74.94,1,0,1
-14.37,-73.97,0,0,1
-11.79,-77.67,0,0,0
-13.81,-74.23,0,0,0
-5.54,-80.74,4,1,1
-8.02,-79.88,0,0,0
-10.19,-75.67,0,0,0
-15.15,-73.32,0,0,0
-9.87,-74.87,0,0,0
-5.13,-79.98,5,1,1
-3.69,-80.88,0,0,0
-18.35,-69.44,0,0,0
-14.65,-70.75,1,0,1
-11.79,-77.57,0,0,0
-8.62,-74.53,0,0,0
-15.57,-74.35,0,0,0
-12.14,-77.3,0,0,0
-5.83,-81.03,2,0,1
-12.13,-77.45,0,0,0
-11.92,-77.74,0,0,0
-16.53,-71.63,6,0,4
-10.69,-78.54,0,0,0
-9.67,-75.63,0,0,0
-6.4,-76.93,0,0,0
-13.08,-76.81,0,0,0
-16.78,-71.24,1,0,0
-8.32,-79.14,0,0,0
-11.8,-77.52,0,0,0
-11.22,-75.93,2,0,0
-3.55,-80.74,0,0,0
-9.65,-79.05,0,0,0
-11.97,-75.65,0,0,0
-4.89,-80.76,17,3,8
-13.53,-72.46,0,0,2
-15.79,-71.79,0,0,0
-7.29,-76.9,0,0,0
-16.58,-71.62,0,0,0
-10.49,-74.55,0,0,0
-14.99,-72.7,0,0,0
-11.53,-78.25,0,0,0
-3.92,-77.41,0,0,0
-16.12,-72.89,0,0,0
-16.11,-72.74,0,0,0
-8.48,-74.6,3,0,1
-16.11,-72.78,0,0,0
-14.09,-72.81,0,0,0
-15.68,-72.03,1,0,3
-3.54,-79.73,1,0,0
-4.89,-80.23,1,0,1
-4.54,-76.94,0,0,0
-15.81,-71.81,0,0,0
-17.17,-72.25,0,0,0
-6.49,-80.83,0,0,0
-5.94,-80.23,0,0,0
-15.02,-73.31,0,0,0
-13.02,-76.45,9,1,4
-15.25,-75.61,0,0,0
-5.33,-80.8,9,0,1
-18.91,-72.5,0,0,0
-9.84,-75.64,0,0,0
-14.55,-76.61,0,0,0
-16.38,-72.04,0,0,1
-16.82,-72.9,0,0,0
-14.45,-76.49,0,0,0
-16.4,-74.03,0,0,0
-15.21,-75.9,0,0,0
-16.73,-71.18,1,0,0
-16.8,-71.34,0,0,0
-7.1,-79.38,0,0,0
-8.33,-76.27,0,0,0
-11.56,-76.64,1,0,0
-16.13,-71.66,0,0,0
-14.34,-76.55,0,0,0
-15.34,-72.02,0,0,0
-14.35,-76.52,0,0,0
-14.41,-76.57,0,0,0
-14.39,-76.67,0,0,0
-14.39,-76.51,0,0,0
-14.39,-76.63,0,0,0
-14.36,-76.58,0,0,0
-3.57,-80.42,12,1,9
-11.03,-73.94,0,0,0
-10.31,-75.32,0,0,0
-12.66,-76.84,0,0,0
-4.27,-77.48,0,0,0
-16.03,-74.33,0,0,0
-18.51,-69.92,0,0,0
-14.87,-76.61,0,0,0
-16.8,-71.62,0,0,0
-16.02,-74.59,0,0,0
-15.97,-72.98,0,0,0
-10.97,-78.26,0,0,0
-4.25,-81.04,2,0,2
-16.45,-72.43,0,0,0
-15.67,-71.71,1,0,0
-3.22,-76.83,0,0,0
-19.28,-69.45,0,0,0
-10.39,-70.66,0,0,0
-16.61,-71.56,0,0,1
-16.35,-72.35,0,0,0
-15.72,-72.0,0,0,0
-12.53,-76.65,0,1,0
-8.61,-77.63,5,0,0
-8.34,-80.18,0,0,0
-5.64,-77.06,0,0,0
-11.34,-76.83,0,0,0
-11.73,-77.45,0,0,0
-13.89,-74.76,0,0,0
-3.97,-76.69,0,0,0
-16.03,-74.24,0,0,0
-2.2,-77.63,0,0,0
-18.36,-69.81,0,0,0
-8.0,-74.63,0,0,0
-12.31,-77.11,0,0,0
-10.92,-74.74,0,0,0
-3.78,-79.42,1,0,0
-16.33,-73.48,0,0,0
-15.19,-75.8,0,0,0
-15.97,-74.42,0,0,0
-13.78,-75.9,0,0,1
-16.16,-74.17,0,0,0
-16.98,-72.12,1,0,1
-15.21,-71.5,0,0,0
-4.03,-80.54,0,0,0
-15.78,-71.96,0,0,0
-5.74,-78.6,0,0,1
-5.6,-76.74,0,0,0
-10.82,-73.65,0,0,0
-14.41,-71.29,0,0,1
-16.81,-72.45,0,0,0
-15.91,-74.15,0,0,0
-11.0,-74.48,0,0,0
-2.7,-80.78,0,0,0
-6.0,-80.54,0,0,0
-16.96,-71.51,0,0,0
-16.59,-71.61,0,0,0
-4.73,-80.29,2,0,2
-6.82,-76.7,0,0,0
-18.48,-70.66,0,0,0
-15.72,-71.93,0,0,0
-6.52,-78.52,1,0,0
-11.48,-74.56,1,0,0
-9.55,-76.11,0,0,0
-8.51,-74.79,0,1,0
-16.63,-72.13,0,0,0
-4.02,-76.75,0,0,0
-16.47,-72.68,0,0,0
-14.8,-71.89,0,0,0
-14.07,-75.84,3,0,2
-8.57,-74.5,0,0,0
-12.4,-77.02,0,0,0
-10.75,-78.68,0,0,0
-15.74,-71.88,0,0,0
-15.73,-71.87,0,0,0
-15.97,-74.83,0,0,0
-9.77,-78.79,0,0,0
-15.69,-71.83,3,0,1
-17.0,-69.59,0,0,0
-10.96,-78.4,0,0,0
-6.11,-80.69,0,0,0
-15.69,-71.88,2,0,1
-5.99,-80.98,0,0,0
-4.32,-78.32,0,0,0
-9.4,-75.3,0,0,0
-13.25,-76.99,0,0,0
-15.49,-71.81,0,0,0
-10.2,-75.68,0,0,0
-13.15,-74.74,0,0,0
-15.35,-72.4,1,0,1
-8.51,-77.5,1,0,0
-17.99,-71.59,0,0,0
-17.21,-70.86,12,3,5
-15.65,-71.89,3,0,2
-8.85,-80.21,0,0,0
-5.7,-80.74,0,0,0
-10.38,-76.42,0,0,0
-10.01,-74.48,0,0,0
-15.18,-73.52,1,0,0
-16.61,-72.64,5,1,4
-3.96,-80.72,1,0,1
-11.03,-76.13,0,0,0
-15.68,-71.72,2,0,1
-15.71,-71.7,1,0,0
-10.75,-78.24,0,0,0
-7.51,-80.0,0,0,0
-11.67,-74.53,0,0,0
-12.01,-75.13,24,2,3
-13.55,-72.27,0,0,1
-15.01,-75.61,0,0,0
-9.59,-79.57,0,0,0
-5.56,-78.9,0,0,0
-12.78,-77.1,0,0,0
-15.96,-74.46,0,0,0
-15.43,-72.49,0,0,0
-14.19,-72.99,0,0,1
-19.39,-69.79,0,0,0
-16.05,-69.68,2,0,1
-16.74,-70.66,5,0,2
-16.78,-72.53,0,0,0
-16.72,-71.3,1,0,0
-10.0,-80.02,0,0,0
-16.84,-71.42,0,0,0
-5.81,-81.1,2,0,1
-12.26,-76.11,1,0,0
-12.81,-75.26,0,0,0
-10.18,-74.12,0,0,0
-6.49,-78.52,1,0,0
-14.1,-76.07,0,0,0
-4.01,-80.65,1,0,1
-16.52,-73.26,0,0,0
-16.14,-72.33,0,0,0
-16.79,-71.28,1,0,0
-9.41,-75.93,0,0,0
-8.53,-80.19,0,0,0
-15.59,-70.62,0,0,0
-16.14,-71.66,0,0,0
-15.8,-74.34,3,0,2
-10.0,-78.95,0,0,0
-5.62,-76.68,0,0,0
-15.2,-75.08,0,0,0
-16.32,-74.53,0,0,0
-13.05,-74.2,2,0,1
-13.05,-74.21,2,0,1
-16.45,-72.51,0,0,0
-18.71,-70.15,0,0,0
-11.94,-76.34,0,0,0
-14.61,-75.52,0,0,0
-15.76,-72.04,0,0,2
-15.76,-71.61,0,0,0
-10.09,-73.06,0,0,0
-8.74,-74.51,0,0,0
-12.72,-76.13,0,0,0
-8.11,-74.47,0,0,0
-5.68,-76.71,0,0,0
-16.75,-71.7,0,0,0
-12.66,-76.85,0,0,0
-8.77,-79.82,0,0,0
-15.38,-74.53,1,0,1
-4.93,-80.83,5,0,2
-6.14,-81.64,0,0,0
-13.68,-72.75,0,0,0
-8.42,-77.71,0,0,0
-15.15,-74.77,0,0,0
-13.03,-74.21,3,0,1
-14.28,-71.38,0,0,1
-2.93,-77.49,0,0,0
-17.35,-70.87,0,0,0
-14.35,-71.45,0,0,0
-15.7,-74.81,0,0,0
-14.4,-72.32,0,0,0
-8.39,-76.38,0,0,0
-17.02,-70.93,1,1,3
-13.06,-76.13,0,0,0
-16.0,-74.73,0,0,0
-10.98,-74.3,0,0,0
-7.96,-74.61,0,0,0
-16.02,-74.68,0,0,0
-13.64,-71.65,0,0,6
-13.42,-73.54,0,0,1
-9.21,-79.47,0,0,0
-13.88,-71.86,0,0,2
-11.46,-77.88,0,0,0
-16.48,-71.62,23,3,17
-15.77,-72.13,0,0,2
-15.66,-75.05,0,0,0
-8.21,-74.51,0,0,0
-8.26,-74.43,0,0,0
-10.14,-75.49,0,0,0
-1.49,-78.0,8,3,0
-4.41,-77.93,0,0,0
-12.49,-76.99,0,0,0
-4.8,-79.82,0,0,0
-16.41,-72.62,0,0,0
-18.25,-71.41,0,0,0
-18.26,-71.51,0,0,0
-5.05,-80.92,0,0,0
-18.59,-71.0,0,0,0
-13.01,-76.97,0,0,0
-5.74,-78.59,0,0,0
-15.64,-69.6,0,0,0
-15.76,-71.74,0,0,0
-5.91,-81.27,0,0,0
-16.58,-71.59,1,0,0
-16.39,-70.86,1,0,1
-5.97,-80.71,0,0,0
-20.73,-69.54,0,0,0
-9.47,-80.1,0,0,0
-4.52,-76.52,0,0,0
-5.55,-80.77,3,1,0
-9.48,-79.12,0,0,0
-10.79,-78.61,0,0,0
-18.29,-70.4,0,0,1
-14.29,-73.3,0,0,1
-3.09,-80.19,0,0,0
-13.7,-71.68,0,0,4
-3.1,-80.15,0,0,0
-16.67,-71.87,1,0,3
-16.68,-71.87,0,0,1
-3.64,-77.89,0,0,0
-9.0,-79.43,0,0,0
-10.72,-78.4,0,0,0
-16.09,-75.03,0,0,0
-13.16,-76.84,0,0,0
-12.7,-76.74,0,0,1
-9.37,-79.29,0,0,0
-15.95,-74.96,0,0,0
-12.69,-76.72,2,1,1
-12.91,-76.78,0,0,0
-15.77,-71.8,0,0,0
-4.65,-80.25,1,0,2
-10.47,-74.93,0,0,0
-14.72,-75.75,0,0,0
-15.75,-71.94,0,0,0
-15.36,-72.84,0,0,0
-15.77,-71.95,0,0,0
-15.74,-71.94,0,0,0
-15.75,-71.9,0,0,0
-15.75,-71.91,0,0,0
-17.56,-69.27,0,0,1
-12.81,-76.88,0,0,0
-3.22,-75.85,0,0,0
-9.01,-74.49,0,0,0
-15.74,-71.95,0,0,0
-12.75,-74.72,1,0,0
-15.72,-71.92,0,0,0
-5.76,-78.63,0,0,1
-9.54,-76.1,0,0,0
-15.75,-71.81,0,0,0
-12.6,-76.82,0,1,0
-16.59,-71.62,0,0,0
-12.91,-74.96,0,0,0
-5.98,-76.45,0,0,0
-7.99,-74.5,0,0,0
-18.34,-71.67,0,0,0
-15.65,-72.08,0,0,2
-14.05,-71.48,0,0,6
-18.33,-71.69,0,0,0
-15.75,-71.69,0,0,0
-11.88,-77.42,0,0,0
-15.73,-71.68,0,0,0
-10.38,-75.65,0,0,0
-13.05,-76.95,0,0,0
-9.24,-74.95,0,0,0
-17.04,-69.62,0,0,0
-19.66,-69.38,0,0,0
-8.14,-80.3,0,0,0
-3.98,-81.06,0,0,0
-13.06,-76.05,0,0,0
-11.7,-77.12,6,1,1
-12.51,-77.0,0,0,0
-11.51,-75.55,0,0,0
-14.76,-75.83,0,0,0
-18.78,-71.63,0,0,0
-16.12,-71.73,0,0,0
-12.51,-76.65,0,1,0
-17.34,-70.84,0,0,0
-15.72,-72.04,0,0,2
-8.95,-79.58,0,0,0
-16.57,-71.63,0,0,0
-7.96,-74.45,0,0,0
-17.95,-69.75,0,0,1
-5.64,-78.67,0,0,0
-17.84,-70.72,0,0,0
-5.61,-78.7,0,0,0
-6.68,-75.81,0,0,0
-15.65,-71.98,1,0,1
-16.34,-72.33,1,0,0
-10.38,-77.51,0,0,0
-3.23,-80.06,2,0,0
-15.9,-74.37,0,0,0
-15.41,-71.04,0,0,0
-15.67,-71.88,2,0,1
-15.67,-71.86,3,0,1
-15.68,-71.89,3,0,2
-7.35,-75.72,0,0,0
-10.01,-75.39,0,0,0
-11.7,-77.55,0,0,0
-15.53,-72.13,0,0,0
-15.67,-71.87,2,0,1
-7.96,-74.5,0,0,0
-16.48,-72.52,0,0,0
-14.97,-72.25,0,0,0
-10.6,-78.63,0,0,0
-5.89,-78.97,0,0,0
-9.54,-76.09,0,0,0
-3.38,-77.63,0,0,0
-10.61,-73.76,0,0,0
-9.84,-78.8,0,0,0
-8.32,-74.37,0,0,0
-17.41,-72.6,0,0,0
-16.09,-72.05,0,0,0
-6.49,-75.9,0,0,0
-11.73,-77.38,0,0,0
-8.31,-75.31,0,0,0
-6.53,-80.9,0,0,0
-6.52,-80.88,0,0,0
-8.65,-79.04,0,0,0
-15.76,-75.42,0,0,0
-14.7,-73.8,0,0,0
-15.37,-71.68,0,0,0
-15.7,-72.11,0,0,2
-4.9,-80.83,5,0,2
-10.5,-74.09,0,0,0
-15.8,-71.79,0,0,0
-10.59,-75.0,0,0,0
-16.91,-70.02,0,0,0
-8.31,-74.13,0,0,0
-3.31,-77.62,0,0,0
-15.01,-72.05,0,0,0
-10.78,-74.43,0,0,0
-5.76,-78.62,0,0,1
-12.64,-76.3,0,0,0
-13.58,-71.64,0,0,3
-16.26,-73.78,0,0,0
-15.81,-70.65,0,0,0
-11.87,-77.32,0,0,0
-15.77,-71.77,0,0,0
-16.42,-73.84,0,0,0
-15.64,-71.91,2,0,1
-11.97,-77.21,10,2,4
-9.89,-75.58,0,0,0
-16.66,-72.86,1,0,1
-18.23,-71.74,0,0,0
-15.6,-74.15,0,0,0
-14.28,-71.33,0,0,0
-9.56,-78.95,0,0,0
-15.77,-71.74,0,0,0
-15.82,-71.75,0,0,0
-6.38,-79.75,1,0,0
-7.95,-74.68,0,0,0
-15.75,-71.8,0,0,0
-15.78,-71.78,0,0,0
-15.42,-74.04,0,0,0
-14.35,-70.95,0,0,0
-13.09,-76.78,0,0,0
-15.79,-74.77,0,0,0
-15.49,-75.39,0,0,0
-4.2,-81.91,0,0,0
-12.39,-76.74,2,1,5
-10.05,-75.76,0,0,0
-10.03,-75.74,0,0,0
-15.74,-71.67,0,0,0
-18.19,-70.6,0,0,1
-13.56,-74.8,0,0,0
-16.29,-74.2,0,0,0
-15.83,-71.82,0,0,0
-16.25,-74.1,0,0,0
-16.21,-74.06,0,0,0
-16.27,-74.19,0,0,0
-15.79,-71.74,0,0,0
-15.78,-71.79,0,0,0
-14.36,-75.77,0,0,0
-12.2,-77.37,0,0,0
-5.63,-78.7,0,0,0
-12.88,-77.25,0,0,0
-15.76,-71.72,0,0,0
-8.61,-79.4,0,0,0
-15.78,-71.76,0,0,0
-8.3,-80.15,0,0,0
-4.43,-79.5,1,0,0
-15.82,-71.83,0,0,0
-15.77,-71.73,0,0,0
-15.3,-74.31,0,0,0
-5.26,-76.91,0,0,0
-15.76,-71.73,0,0,0
-15.77,-71.71,0,0,0
-8.38,-80.26,0,0,0
-15.92,-72.93,0,0,0
-15.8,-71.76,0,0,0
-6.36,-78.65,0,0,0
-16.31,-74.19,0,0,0
-16.32,-74.19,0,0,0
-15.81,-71.86,0,0,0
-15.77,-71.72,0,0,0
-5.47,-78.52,0,0,2
-8.97,-79.24,0,0,0
-15.81,-71.82,0,0,0
-15.76,-71.71,0,0,0
-15.8,-71.84,0,0,0
-15.8,-71.88,0,0,0
-18.25,-70.14,0,0,0
-15.79,-71.77,0,0,0
-15.78,-71.77,0,0,0
-15.8,-71.74,0,0,0
-8.57,-76.25,0,0,0
-15.78,-71.73,0,0,0
-16.28,-74.1,0,0,0
-15.79,-71.76,0,0,0
-15.79,-71.78,0,0,0
-15.79,-71.8,0,0,0
-15.78,-71.72,0,0,0
-16.06,-75.47,0,0,0
-15.96,-75.33,0,0,0
-15.72,-71.69,2,0,1
-11.96,-75.03,0,0,0
-5.66,-77.07,0,0,0
-11.23,-74.57,2,1,1
-9.1,-79.34,0,0,0
-10.69,-77.07,0,0,0
-8.29,-74.32,0,0,0
-3.36,-80.78,0,0,0
-20.59,-70.6,0,0,0
-5.15,-77.03,0,0,0
-18.27,-70.12,0,0,0
-12.66,-76.93,0,0,0
-7.99,-74.56,0,0,0
-8.62,-79.57,0,0,0
-9.56,-76.12,0,0,0
-8.26,-80.03,0,0,0
-15.68,-71.56,2,0,1
-11.33,-79.03,0,0,0
-17.77,-70.11,0,0,0
-12.63,-76.87,0,0,0
-15.67,-71.85,3,0,1
-13.46,-74.69,0,0,0
-6.79,-75.88,0,0,0
-17.22,-70.23,2,0,1
-8.05,-75.44,0,0,0
-15.81,-73.32,1,0,1
-14.8,-76.2,0,0,0
-17.69,-70.49,0,0,0
-15.1,-71.13,0,0,0
-10.43,-74.54,0,0,0
-16.11,-71.67,0,0,0
-15.66,-72.0,1,0,1
-15.49,-72.47,0,0,0
-16.48,-72.67,0,0,0
-16.21,-73.23,0,0,0
-6.56,-76.29,6,1,4
-14.26,-75.69,2,0,2
-5.81,-81.28,0,0,0
-11.05,-77.65,9,1,3
-14.28,-71.36,0,0,1
-14.3,-71.43,0,0,1
-6.0,-79.4,0,0,0
-16.61,-72.94,0,0,0
-11.76,-77.43,0,0,0
-4.61,-78.76,0,0,0
-8.99,-79.81,0,0,0
-8.42,-76.38,0,0,0
-15.71,-72.11,0,0,2
-5.73,-78.65,0,0,1
-13.01,-76.71,0,0,0
-15.41,-71.77,0,0,0
-8.05,-76.71,0,0,0
-11.78,-76.75,0,0,0
-15.78,-71.7,0,0,0
-8.65,-77.84,1,0,0
-8.56,-74.79,0,1,0
-18.35,-70.63,0,0,0
-7.84,-75.91,0,0,0
-16.51,-73.07,1,0,1
-8.53,-74.47,0,0,0
-15.64,-71.83,3,0,1
-14.49,-74.24,0,0,0
-7.35,-74.62,0,0,0
-16.21,-73.2,0,0,0
-6.14,-81.44,0,0,0
-4.89,-80.86,6,0,2
-15.16,-75.82,0,0,0
-15.73,-72.1,0,0,2
-2.82,-79.9,0,0,0
-15.65,-74.59,0,0,1
-14.75,-73.95,0,0,0
-15.74,-71.65,0,0,0
-5.1,-77.53,0,0,0
-16.63,-71.85,1,0,3
-7.67,-74.59,0,0,0
-15.52,-74.71,1,0,2
-16.67,-72.54,0,0,0
-16.79,-72.33,0,0,0
-8.25,-77.9,2,0,1
-11.48,-74.69,0,0,0
-7.15,-80.89,0,0,0
-13.51,-77.15,0,0,0
-14.74,-76.51,0,0,0
-15.46,-72.25,0,0,0
-10.7,-78.37,0,0,0
-3.97,-81.1,0,0,0
-17.19,-71.0,10,2,5
-10.14,-78.79,0,0,0
-14.1,-73.51,0,0,0
-17.47,-71.51,0,0,0
-19.27,-70.26,0,0,0
-12.13,-77.11,141,22,38
-8.74,-79.6,0,0,0
-12.59,-76.78,0,1,0
-15.68,-72.12,0,0,2
-4.5,-75.63,0,0,0
-9.22,-71.3,0,0,0
-3.07,-75.9,0,0,0
-9.97,-75.69,0,0,0
-9.67,-75.81,0,0,0
-14.25,-73.88,0,0,1
-16.63,-72.84,2,0,2
-11.83,-76.38,2,0,2
-1.85,-77.87,0,0,0
-15.51,-70.24,1,0,0
-9.6,-75.66,0,0,0
-8.67,-78.94,0,0,0
-9.76,-78.74,0,0,0
-14.06,-74.59,0,0,0
-10.53,-74.7,0,0,0
-15.56,-75.19,0,0,0
-16.35,-74.25,0,0,0
-17.07,-72.19,1,0,1
-17.45,-74.06,0,0,0
-16.3,-73.56,1,0,1
-11.45,-73.26,0,0,0
-11.49,-73.32,0,0,0
-16.1,-75.09,0,0,0
-11.42,-73.22,0,0,0
-10.66,-75.06,0,0,0
-12.22,-77.84,0,0,0
-18.22,-71.27,0,0,0
-16.06,-74.26,0,0,0
-18.26,-70.56,0,0,1
-6.05,-75.19,0,0,0
-17.08,-71.09,0,0,0
-4.44,-77.05,0,0,0
-2.87,-79.85,0,1,0
-2.81,-79.95,0,0,0
-10.2,-73.86,0,0,0
-15.71,-72.05,0,0,3
-9.62,-78.24,0,0,0
-10.48,-78.73,0,0,0
-15.72,-71.62,2,0,1
-9.71,-74.71,0,0,0
-9.3,-74.75,0,0,0
-15.76,-72.08,0,0,2
-17.72,-69.67,0,0,0
-15.24,-75.94,0,0,0
-17.75,-70.41,0,0,1
-8.45,-80.12,0,0,0
-15.26,-76.02,0,0,0
-3.7,-76.57,0,0,0
-9.82,-79.22,0,0,0
-15.19,-73.4,0,0,0
-15.99,-74.8,0,0,0
-8.41,-74.42,0,0,0
-18.09,-71.09,0,0,0
-9.3,-78.74,0,0,0
-14.28,-75.84,0,0,0
-15.64,-71.78,3,0,1
-6.81,-76.75,0,0,0
-12.52,-76.91,0,0,0
-16.3,-73.6,1,0,1
-16.25,-73.46,0,0,0
-15.8,-71.71,0,0,0
-15.83,-71.72,0,0,0
-15.02,-72.06,0,0,0
-15.79,-71.27,0,0,0
-8.4,-74.3,0,0,0
-16.24,-74.72,0,0,0
-6.89,-80.23,0,0,0
-16.1,-74.57,0,0,0
-12.04,-77.53,0,0,0
-12.35,-77.98,0,0,0
-17.2,-72.79,0,0,0
-12.53,-76.66,1,1,0
-16.35,-73.62,0,0,0
-17.61,-74.26,0,0,0
-14.81,-73.53,0,0,0
-5.9,-81.22,0,0,0
-18.52,-70.58,0,0,0
-12.58,-76.88,0,0,0
-3.51,-77.85,0,0,0
-8.69,-77.81,0,0,0
-15.8,-71.96,0,0,0
-14.74,-73.95,0,0,0
-18.1,-69.86,0,0,0
-8.97,-78.43,0,0,0
-19.14,-70.21,0,0,0
-10.74,-78.14,0,0,0
-12.09,-74.95,0,0,0
-18.05,-71.5,0,0,0
-5.48,-76.85,0,0,0
-15.43,-71.54,1,0,1
-7.24,-80.26,0,0,0
-20.17,-71.22,0,0,0
-13.43,-71.94,3,1,3
-15.14,-71.19,0,0,0
-18.22,-69.95,0,0,0
-18.34,-70.08,0,0,0
-16.23,-74.85,0,0,0
-10.25,-73.84,0,0,0
-11.76,-74.09,0,0,0
-12.24,-75.29,0,0,0
-12.37,-76.96,0,0,0
-10.49,-75.65,0,0,0
-7.03,-80.73,0,0,0
-15.72,-71.99,0,0,0
-19.07,-70.03,0,0,0
-17.26,-70.28,3,0,2
-16.29,-73.57,1,0,1
-16.82,-71.32,1,0,0
-10.0,-78.9,0,0,0
-5.28,-80.76,10,1,2
-16.04,-74.51,0,0,0
-18.86,-69.91,0,0,0
-19.12,-69.59,0,0,0
-15.87,-73.15,1,0,1
-13.66,-76.24,10,3,5
-16.64,-69.79,0,0,0
-12.1,-74.24,0,0,0
-3.43,-80.94,0,0,0
-13.67,-72.93,3,2,7
-16.76,-71.5,0,0,0
-16.3,-73.57,1,0,1
-15.34,-75.8,0,0,0
-8.67,-79.57,0,0,0
-15.06,-71.93,0,0,0
-18.9,-70.68,0,0,0
-15.68,-71.73,2,0,1
-18.24,-70.79,0,0,0
-6.07,-77.23,2,1,0
-9.68,-75.85,0,0,0
-12.18,-77.24,0,0,0
-16.5,-73.56,0,0,0
-4.85,-80.87,6,0,2
-7.91,-74.52,0,0,0
-15.67,-71.84,3,0,1
-11.73,-77.57,0,0,0
-4.88,-80.84,5,0,2
-16.72,-71.6,0,0,0
-15.45,-70.28,1,0,1
-16.71,-71.23,2,0,1
-15.67,-71.83,3,0,1
-4.54,-80.14,1,0,0
-8.58,-74.4,0,0,0
-13.61,-74.44,0,0,0
-15.73,-71.83,0,0,0
-9.54,-75.6,0,0,0
-7.97,-74.69,0,0,0
-18.51,-69.48,0,0,0
-10.46,-74.68,0,0,0
-11.13,-74.71,1,0,1
-15.63,-71.82,3,0,1
-16.36,-74.0,0,0,0
-12.5,-76.91,0,0,0
-8.38,-77.63,0,0,0
-9.35,-79.25,0,0,0
-4.01,-81.72,0,0,0
-9.84,-74.75,0,0,0
-10.62,-74.98,0,0,0
-19.23,-69.3,0,0,0
-3.73,-79.04,0,0,0
-16.68,-72.44,0,0,1
-18.36,-70.07,0,0,0
-16.06,-75.05,0,0,0
-16.64,-69.87,0,0,0
-15.2,-76.05,0,0,0
-15.14,-76.0,0,0,0
-5.04,-77.42,0,0,0
-15.76,-71.86,0,0,0
-12.7,-76.98,0,0,0
-14.59,-76.31,0,0,0
-16.73,-72.52,0,0,1
-12.62,-76.98,0,0,0
-19.11,-69.83,0,0,0
-5.85,-75.2,0,0,0
-7.81,-76.37,0,0,0
-11.54,-76.92,0,0,0
-15.7,-72.06,1,0,3
-17.75,-69.82,0,0,0
-12.82,-76.78,0,0,0
-4.92,-80.08,0,0,0
-8.05,-77.35,0,0,0
-8.91,-78.91,0,0,0
-12.65,-77.1,0,0,0
-17.55,-70.25,0,0,0
-12.09,-77.22,6,5,5
-8.06,-74.62,0,0,0
-10.7,-75.46,0,0,0
-11.89,-77.38,0,0,0
-3.59,-77.25,0,0,0
-15.75,-72.99,0,0,0
-15.49,-75.45,0,0,0
-7.18,-80.75,0,0,0
-7.24,-80.96,0,0,0
-15.68,-73.18,0,0,0
-11.43,-76.32,0,0,0
-12.86,-73.96,0,0,0
-12.88,-73.99,0,0,0
-8.83,-79.79,0,0,0
-11.84,-74.11,0,0,0
-4.5,-80.15,1,0,0
-4.91,-80.78,11,1,5
-8.13,-74.53,0,0,0
-10.1,-75.58,0,0,0
-8.83,-75.73,0,0,0
-15.68,-72.1,0,0,2
-15.78,-71.64,0,0,0
-9.29,-79.99,0,0,0
-7.24,-79.43,5,3,5
-17.28,-71.64,0,0,0
-12.44,-76.59,0,0,0
-17.53,-70.21,0,0,0
-8.2,-74.45,0,0,0
-13.66,-76.69,0,0,0
-17.8,-69.81,0,0,0
-4.63,-80.83,0,0,0
-12.38,-77.08,0,0,0
-16.8,-71.33,1,0,0
-16.77,-71.37,0,0,0
-8.72,-79.82,0,0,0
-4.11,-80.51,0,0,0
-16.5,-72.04,1,0,1
-10.1,-75.61,0,0,0
-9.06,-79.35,0,0,0
-9.35,-78.39,0,0,0
-4.03,-78.69,0,0,0
-8.31,-79.84,0,0,0
-16.17,-73.69,1,0,1
-12.41,-77.22,0,0,0
-12.34,-76.95,2,1,1
-12.76,-76.25,0,0,0
-9.11,-79.4,0,0,0
-14.62,-70.69,0,0,0
-15.57,-70.3,1,0,2
-5.75,-77.41,0,0,0
-16.09,-72.3,0,0,0
-14.63,-70.65,0,0,0
-8.71,-78.93,0,0,0
-8.64,-74.38,0,0,1
-17.77,-70.96,0,1,0
-4.06,-77.62,0,0,0
-5.51,-80.78,8,1,1
-10.58,-78.59,0,0,0
-8.74,-79.81,0,0,0
-18.46,-69.98,0,0,0
-15.05,-74.6,0,0,0
-2.15,-78.6,0,0,0
-4.87,-80.81,7,0,3
-13.06,-76.67,0,0,0
-5.2,-79.17,0,0,0
-14.7,-76.43,0,0,0
-14.59,-76.3,0,0,0
-4.86,-80.76,18,3,8
-16.03,-73.82,0,0,0
-9.88,-75.75,0,0,0
-8.83,-71.93,0,0,0
-5.74,-78.56,0,0,0
-11.81,-77.36,0,0,0
-18.26,-69.9,0,0,0
-4.15,-80.68,0,0,0
-1.93,-78.09,0,0,0
-7.87,-76.83,0,0,0
-9.6,-74.61,0,0,0
-17.54,-70.23,0,0,0
-6.31,-76.85,0,0,0
-17.53,-70.23,0,0,0
-12.25,-77.26,0,0,0
-11.88,-72.87,0,0,0
-17.13,-70.79,2,1,4
-15.23,-76.07,0,0,0
-17.85,-69.82,0,0,0
-13.2,-76.59,0,0,0
-14.15,-72.97,0,0,1
-15.67,-71.9,3,0,2
-7.77,-77.96,1,0,0
-16.27,-72.11,2,0,2
-5.28,-81.02,0,0,0
-2.9,-77.1,0,0,0
-10.36,-78.86,0,0,0
-14.43,-76.33,0,0,0
-14.53,-76.48,0,0,0
-2.43,-76.46,0,0,0
-16.24,-73.82,0,0,0
-14.74,-76.21,0,0,0
-16.12,-71.79,0,0,1
-14.6,-76.36,0,0,0
-4.83,-80.84,5,0,2
-14.57,-76.32,0,0,0
-15.15,-75.9,0,0,0
-14.55,-76.26,0,0,0
-14.51,-76.45,0,0,0
-15.53,-70.64,0,0,0
-14.75,-76.37,0,0,0
-14.55,-76.32,0,0,0
-14.55,-76.39,0,0,0
-14.62,-76.38,0,0,0
-14.67,-76.45,0,0,0
-14.38,-76.39,0,0,0
-19.16,-67.64,0,0,0
-14.77,-76.54,0,0,0
-14.67,-76.32,0,0,0
-14.7,-76.35,0,0,0
-14.62,-76.45,0,0,0
-14.58,-76.41,0,0,0
-14.62,-76.39,0,0,0
-14.61,-76.41,0,0,0
-3.76,-76.53,0,0,0
-14.64,-76.4,0,0,0
-14.68,-76.37,0,0,0
-14.66,-76.55,0,0,0
-14.64,-76.33,0,0,0
-14.66,-76.46,0,0,0
-14.55,-76.35,0,0,0
-10.05,-78.89,0,0,0
-14.65,-76.51,0,0,0
-14.57,-76.38,0,0,0
-14.62,-76.44,0,0,0
-14.63,-76.37,0,0,0
-14.63,-76.34,0,0,0
-15.34,-74.63,0,0,0
-15.11,-75.97,0,0,0
-4.12,-80.93,0,0,0
-4.89,-80.78,11,1,5
-10.17,-76.76,2,0,0
-15.66,-72.2,0,0,2
-7.4,-76.33,0,0,0
-16.18,-73.69,1,0,1
-16.29,-74.26,0,0,0
-15.67,-72.18,0,0,2
-6.62,-81.06,0,0,0
-11.8,-75.52,4,1,0
-16.56,-74.19,0,0,0
-10.64,-74.58,0,0,0
-16.61,-71.75,0,0,2
-18.46,-69.48,0,0,0
-12.75,-76.87,0,0,0
-17.5,-70.98,0,0,0
-14.62,-73.78,0,0,0
-12.72,-76.83,0,0,0
-3.77,-80.61,2,0,1
-12.48,-77.27,0,0,0
-10.87,-74.5,0,0,0
-2.23,-79.95,70,22,4
-17.53,-70.04,1,1,3
-13.85,-76.3,2,0,2
-15.7,-71.96,1,0,1
-6.58,-80.99,0,0,0
-11.48,-73.29,0,0,0
-12.46,-75.54,0,0,0
-15.92,-72.38,0,0,0
-12.77,-73.96,0,0,0
-16.21,-71.76,0,0,1
-8.68,-76.01,0,0,0
-4.88,-80.78,12,1,5
-4.89,-80.85,6,0,2
-18.89,-72.14,0,0,0
-10.16,-78.79,0,0,0
-13.28,-76.47,0,0,0
-11.71,-76.23,1,0,2
-8.67,-76.01,0,0,0
-10.25,-74.75,0,0,0
-7.84,-74.53,0,0,0
-4.89,-80.82,5,0,2
-4.92,-80.77,13,2,8
-4.94,-80.74,18,3,8
-4.89,-80.83,5,0,2
-4.92,-80.8,8,0,3
-8.73,-75.98,0,0,0
-8.71,-75.99,0,0,0
-16.46,-72.05,1,0,1
-8.43,-79.74,0,0,0
-9.91,-78.78,0,0,0
-8.65,-76.01,0,0,0
-8.8,-76.0,0,0,0
-8.66,-76.0,0,0,0
-8.67,-76.02,0,0,0
-15.68,-74.18,0,0,0
-12.68,-77.02,0,0,0
-7.96,-74.57,0,0,0
-16.13,-75.46,0,0,0
-7.11,-79.52,1,1,2
-16.73,-73.0,0,0,0
-16.87,-71.88,0,0,0
-14.29,-73.71,0,0,0
-19.23,-69.94,0,0,0
-12.43,-77.38,0,0,0
-5.94,-79.62,1,0,0
-9.8,-74.73,0,0,0
-8.56,-80.2,0,0,0
-18.43,-71.9,0,0,0
-8.7,-80.15,0,0,0
-15.49,-75.46,0,0,0
-16.45,-74.0,0,0,0
-16.43,-71.91,5,0,3
-18.63,-71.1,0,0,0
-15.69,-71.93,2,0,1
-10.63,-78.72,0,0,0
-18.42,-69.89,0,0,0
-15.06,-75.93,0,0,0
-19.21,-70.14,0,0,0
-11.09,-76.69,0,0,0
-14.27,-76.38,0,0,0
-12.74,-77.85,0,0,0
-11.11,-78.02,0,0,0
-15.41,-74.23,0,0,0
-5.13,-80.9,0,0,0
-16.26,-73.51,0,0,0
-12.78,-77.42,0,0,0
-12.59,-75.28,1,0,1
-18.8,-69.44,0,0,0
-15.27,-75.06,0,0,0
-15.12,-75.71,0,0,0
-4.66,-79.52,1,0,0
-14.26,-72.83,0,0,0
-16.19,-74.17,0,0,0
-7.1,-80.98,0,0,0
-11.23,-73.95,0,0,0
-19.13,-70.62,0,0,0
-7.88,-77.95,0,0,0
-14.84,-71.8,0,0,0
-9.54,-79.63,0,0,0
-15.6,-72.79,0,0,0
-9.26,-79.19,0,0,0
-3.75,-80.45,1,0,1
-12.52,-77.08,0,0,0
-16.82,-71.3,1,0,0
-12.5,-77.11,0,0,0
-4.85,-80.84,5,0,2
-13.89,-71.73,0,0,1
-13.78,-72.79,0,0,0
-15.61,-71.75,3,0,1
-13.81,-72.72,0,0,1
-11.98,-76.03,0,0,0
-13.56,-76.31,0,0,0
-9.21,-79.24,0,0,0
-9.18,-78.73,0,0,0
-7.83,-74.7,0,0,0
-16.39,-74.19,0,0,0
-15.71,-72.15,0,0,2
-16.8,-71.29,1,0,0
-16.8,-70.62,5,0,2
-16.81,-71.77,0,0,0
-8.66,-74.39,0,0,1
-15.92,-74.59,0,0,0
-12.36,-76.98,0,0,0
-8.77,-76.32,0,0,0
-14.21,-75.78,4,0,3
-5.35,-79.92,2,0,3
-12.24,-76.9,46,6,16
-16.79,-70.63,5,0,2
-13.88,-75.34,0,0,0
-3.32,-80.87,0,0,0
-13.4,-74.99,0,0,0
-4.94,-76.76,0,0,0
-14.63,-73.77,0,0,0
-14.3,-72.31,0,0,0
-13.52,-75.02,0,0,0
-18.8,-69.55,0,0,0
-15.64,-71.87,2,0,1
-7.41,-75.82,0,0,0
-19.55,-69.7,0,0,0
-18.87,-69.34,0,0,0
-12.45,-77.06,0,0,0
-9.96,-79.09,0,0,0
-9.73,-79.33,0,0,0
-19.16,-70.12,0,0,0
-11.5,-73.54,0,0,0
-8.63,-74.5,0,0,0
-15.69,-71.98,1,0,1
-16.4,-71.59,63,7,36
-16.31,-73.69,1,0,1
-9.29,-78.64,0,0,0
-7.19,-79.73,0,0,0
-10.82,-73.76,0,0,1
-14.93,-72.28,0,0,0
-16.82,-71.25,1,0,0
-9.1,-79.31,0,0,0
-18.46,-69.88,0,0,0
-9.77,-78.44,0,0,0
-11.81,-77.45,0,0,0
-15.19,-71.94,0,0,0
-15.65,-71.82,3,0,1
-10.36,-75.15,0,0,0
-16.73,-72.22,0,0,0
-10.73,-78.55,0,0,0
-21.9,-70.55,0,0,0
-15.72,-71.89,0,0,0
-16.76,-71.29,1,0,0
-4.64,-80.3,1,0,2
-8.38,-77.7,0,0,0
-16.27,-73.72,0,0,0
-8.68,-78.88,0,0,0
-16.75,-71.26,1,0,0
-8.74,-71.09,0,0,0
-14.52,-76.53,0,0,0
-16.4,-71.84,2,0,2
-14.5,-76.65,0,0,0
-14.46,-76.42,0,0,0
-16.78,-71.3,1,0,0
-15.66,-71.96,1,0,1
-4.06,-80.43,0,0,0
-16.82,-71.31,1,0,0
-16.8,-71.32,1,0,0
-5.93,-75.04,0,0,0
-1.99,-78.44,0,0,0
-8.11,-74.6,0,0,0
-19.57,-69.62,0,0,0
-12.84,-76.16,0,0,0
-16.71,-71.5,0,0,0
-11.09,-77.68,8,1,3
-16.83,-71.27,1,0,0
-10.41,-78.59,0,0,0
-18.83,-70.41,0,0,0
-16.25,-73.73,0,0,0
-2.1,-79.82,46,8,1
-16.56,-71.6,1,0,1
-12.42,-77.03,0,0,0
-16.81,-71.31,1,0,0
-16.76,-71.26,1,0,0
-16.79,-71.32,1,0,0
-16.76,-71.24,1,0,0
-16.78,-71.29,1,0,0
-16.83,-71.32,1,0,0
-16.78,-71.28,1,0,0
-16.83,-71.34,0,0,0
-16.79,-71.31,1,0,0
-16.78,-71.31,1,0,0
-12.41,-76.94,0,0,0
-16.72,-71.54,0,0,0
-16.73,-71.24,1,0,0
-16.81,-71.27,1,0,0
-16.81,-71.28,1,0,0
-16.8,-71.27,1,0,0
-16.79,-71.24,1,0,0
-16.81,-71.3,1,0,0
-16.81,-71.24,1,0,0
-16.78,-71.22,1,0,0
-16.88,-71.35,0,0,0
-14.27,-75.9,0,0,0
-13.55,-74.55,0,0,0
-15.66,-71.88,2,0,1
-8.88,-79.4,0,0,0
-17.47,-70.03,1,1,3
-15.89,-73.45,0,0,0
-15.69,-71.76,3,0,1
-9.39,-79.24,0,0,0
-14.91,-72.89,0,0,0
-7.1,-75.79,0,0,0
-16.38,-74.23,0,0,0
-15.73,-75.39,0,0,0
-19.35,-70.36,0,0,0
-13.77,-76.23,11,2,7
-13.12,-76.61,0,0,0
-17.2,-70.32,1,0,2
-2.51,-79.74,0,0,0
-18.33,-71.23,0,0,0
-17.81,-70.55,0,1,2
-15.54,-72.99,0,0,0
-8.42,-78.99,0,0,0
-15.71,-72.03,0,0,3
-14.63,-75.5,0,0,0
-16.6,-71.64,0,0,0
-17.46,-69.97,1,1,3
-17.17,-73.86,0,0,0
-15.67,-72.05,1,0,3
-4.87,-78.56,0,0,0
-10.52,-74.01,0,0,0
-16.22,-72.72,0,0,0
-8.16,-76.18,0,0,0
-8.88,-79.42,0,0,0
-15.7,-72.04,1,0,3
-17.78,-69.78,0,0,0
-16.31,-74.16,0,0,0
-16.43,-74.19,0,0,0
-14.52,-76.48,0,0,0
-14.45,-76.41,0,0,0
-16.39,-74.21,0,0,0
-14.69,-76.67,0,0,0
-3.92,-77.56,0,0,0
-8.72,-76.23,0,0,0
-15.65,-74.66,0,0,0
-16.06,-71.8,0,0,1
-17.4,-70.74,0,0,0
-12.57,-71.26,0,0,0
-12.7,-76.82,0,0,0
-16.63,-71.08,1,0,0
-11.47,-77.99,0,0,0
-13.61,-72.85,3,2,7
-9.58,-75.7,0,0,0
-10.55,-78.65,0,0,0
-15.68,-71.83,3,0,1
-15.66,-71.87,2,0,1
-8.89,-77.2,0,0,0
-8.92,-77.24,2,0,0
-12.72,-76.92,0,0,0
-14.73,-72.34,0,0,0
-11.64,-77.38,0,0,0
-15.67,-72.16,0,0,2
-7.35,-77.97,0,0,0
-7.5,-75.85,0,0,0
-17.33,-70.01,0,0,0
-13.31,-74.6,0,0,0
-9.18,-71.39,0,0,0
-8.83,-70.9,0,0,0
-6.42,-76.9,0,0,0
-10.64,-78.07,0,0,0
-11.38,-77.52,0,0,0
-15.66,-74.64,0,0,0
-6.3,-76.78,0,0,0
-15.69,-71.78,3,0,1
-15.33,-71.41,0,0,0
-14.45,-71.25,0,0,3
-15.7,-74.58,0,0,1
-19.27,-69.46,0,0,0
-17.68,-70.88,0,0,2
-12.26,-71.87,0,0,0
-13.23,-76.46,0,0,0
-18.98,-70.44,0,0,0
-18.34,-69.9,0,0,0
-6.38,-76.93,0,0,0
-17.93,-70.07,0,0,1
-13.08,-76.33,9,1,4
-17.04,-70.92,1,1,3
-4.73,-77.63,0,0,0
-6.45,-76.99,0,0,0
-16.36,-73.93,0,0,0
-16.45,-73.97,0,0,0
-12.74,-76.87,0,0,0
-15.88,-74.12,0,0,0
-10.05,-79.72,0,0,0
-17.43,-69.92,0,0,0
-17.4,-69.88,0,0,0
-14.4,-75.89,0,0,0
-12.17,-77.18,0,0,0
-14.8,-70.42,0,0,2
-6.0863,-79.5251,0,0,0
-8.7598,-74.6479,0,0,0
-17.7018,-69.8159,0,0,0
-10.1475,-75.6098,0,0,0
-9.8285,-78.8959,0,0,0
-18.8306,-70.2339,0,0,0
-15.6282,-71.793,3,0,1
-20.5751,-69.7935,0,0,0
-12.4122,-77.0103,0,0,0
-15.0045,-76.3941,0,0,0
-18.0711,-69.9344,0,0,0
-9.79,-78.85,0,0,0
-16.4321,-72.0095,3,0,2
-14.964,-72.0172,0,0,0
-17.0414,-73.7188,0,0,0
-6.766,-76.9594,0,0,0
-17.7972,-73.0007,0,0,0
-12.3278,-77.0075,1,0,0
-16.4396,-71.9587,2,0,1
-16.1568,-73.5632,1,0,1
-15.7368,-71.7679,0,0,0
-12.4,-76.9424,0,0,0
-15.6625,-72.1634,0,0,2
-12.4395,-77.0071,0,0,0
-12.4752,-77.0732,0,0,0
-6.5176,-80.8533,0,0,0
-15.06,-75.69,0,0,0
-23.3971,-66.9807,0,0,0
-17.6672,-70.4713,0,0,0
-13.2508,-74.8017,0,0,0
-8.3719,-81.1005,0,0,0
-14.9197,-76.2103,0,0,0
-15.7046,-71.9782,1,0,1
-14.703,-73.7606,0,0,0
-14.8221,-71.7611,0,0,0
-15.6159,-71.7557,3,0,1
-8.5464,-75.7411,0,0,0
-15.6987,-71.892,2,0,1
-16.1948,-74.3685,0,0,0
-18.9529,-69.9746,0,0,0
-16.9685,-71.6144,0,0,0
-12.304,-77.0329,0,0,0
-19.331,-70.5615,0,0,0
-13.6369,-72.8109,3,2,7
-15.8933,-73.1428,1,0,1
-13.5965,-72.6634,2,1,0
-13.2565,-70.9792,0,0,0
-15.4598,-73.036,0,0,0
-14.9706,-71.814,0,0,0
-4.26,-77.6381,0,0,0
-15.6362,-71.8099,3,0,1
-15.6484,-71.8092,3,0,1
-4.8092,-79.1891,1,0,0
-16.7589,-71.7012,0,0,0
-16.7559,-71.5975,0,0,0
-10.7248,-78.4034,0,0,0
-16.4139,-73.4629,0,0,0
-15.1,-70.98,0,0,0
-13.9859,-75.8778,0,0,2
-8.7566,-74.1706,0,0,0
-5.0306,-76.8611,0,0,0
-15.6698,-71.8081,3,0,1
-8.2369,-79.7601,0,0,0
-16.29,-74.43,0,0,0
-16.0319,-74.5208,0,0,0
-18.5585,-71.032,0,0,0
-3.5963,-80.187,4,0,1
-14.2239,-73.5159,0,0,0
-14.7369,-76.2279,0,0,0
-7.7207,-73.8724,0,0,0
-15.2998,-72.4724,0,0,0
-15.6371,-71.799,3,0,1
-11.7501,-77.6077,0,0,0
-12.506,-76.7474,2,1,1
-12.0155,-77.0941,228,23,76
-17.5221,-70.4357,0,0,0
-15.6234,-71.7994,3,0,1
-16.7328,-69.5706,0,0,0
-13.6595,-71.6579,0,0,5
-7.7152,-76.2349,0,0,0
-8.566,-78.8606,0,0,0
-19.5766,-69.3045,0,0,0
-18.7825,-69.7651,0,0,0
-11.8334,-75.0944,0,0,0
-11.8447,-75.1024,0,0,0
-8.7893,-74.8963,0,0,0
-19.18,-70.13,0,0,0
-17.7881,-70.5386,0,1,2
-15.6304,-71.8095,3,0,1
-11.8228,-75.1198,0,0,0
-11.829,-75.0907,0,0,0
-11.8256,-75.1219,0,0,0
-13.6428,-72.872,3,2,7
-15.5811,-71.7855,3,0,1
-16.4212,-71.8281,3,0,2
-12.7347,-76.8661,0,0,0
-13.3927,-75.4825,0,0,0
-5.0981,-80.4879,0,0,0
-16.7405,-71.3654,0,0,0
-9.8136,-78.9114,0,0,0
-16.4639,-72.7991,0,0,0
-8.6618,-77.8067,1,0,0
-15.6165,-71.8147,3,0,1
-7.7621,-74.5447,0,0,0
-16.8132,-69.602,0,0,0
-16.2356,-71.8547,0,0,0
-4.4144,-76.9487,0,0,0
-5.8344,-78.5942,0,0,0
-10.455,-78.5824,0,0,0
-13.6346,-72.869,3,2,7
-5.3528,-80.8856,1,0,0
-5.9213,-76.955,0,0,0
-8.059,-74.5299,0,0,0
-11.2874,-78.4102,0,0,0
-4.3481,-79.6592,0,0,0
-15.131,-71.77,1,0,1
-13.6419,-72.8453,3,2,7
-15.5925,-71.7912,3,0,1
-5.23,-80.24,1,0,1
-12.5341,-77.0668,0,0,0
-15.2196,-75.0554,0,0,0
-16.3969,-72.4658,0,0,0
-11.997,-77.336,0,0,0
-12.3102,-77.0758,0,0,0
-7.1667,-75.5573,0,0,0
-8.3681,-75.0007,0,0,0
-12.1443,-73.173,0,0,0
-11.4335,-77.7927,0,0,0
-15.684,-71.8316,3,0,1
-15.6827,-71.8568,3,0,1
-14.5789,-76.2395,0,0,0
-15.6633,-71.8321,3,0,1
-8.7603,-80.2026,0,0,0
-7.1136,-80.1338,0,0,0
-8.3152,-80.1513,0,0,0
-15.6682,-71.8075,3,0,1
-16.7665,-72.3626,0,0,1
-13.5292,-70.5638,0,0,0
-15.6664,-71.8059,3,0,1
-15.611,-71.7859,3,0,1
-15.6318,-71.8039,3,0,1
-17.05,-70.9391,1,0,2
-15.6258,-71.7964,3,0,1
-15.6762,-71.8386,3,0,1
-18.4861,-70.1111,0,0,0
-15.6567,-71.8247,3,0,1
-15.6295,-71.8038,3,0,1
-15.6483,-71.8149,3,0,1
-15.6574,-71.8035,3,0,1
-15.68,-71.81,3,0,1
-15.7038,-71.8707,1,0,0
-15.6782,-71.8644,2,0,1
-14.1669,-72.7831,0,0,1
-13.663,-75.2303,0,0,0
-15.7153,-71.8556,0,0,0
-15.6357,-71.802,3,0,1
-15.6398,-71.7944,3,0,1
-15.6587,-71.8302,3,0,1
-15.6811,-71.842,3,0,1
-15.6733,-71.8308,3,0,1
-15.7009,-71.8463,2,0,0
-15.6871,-71.8179,3,0,1
-15.6272,-71.8059,3,0,1
-15.6078,-71.8016,3,0,1
-15.66,-71.81,3,0,1
-18.583,-70.4697,0,0,0
-15.6622,-71.8137,3,0,1
-15.6675,-71.7877,3,0,1
-15.6214,-71.823,3,0,1
-15.6239,-71.8017,3,0,1
-15.6287,-71.8067,3,0,1
-11.428,-76.9015,0,0,0
-15.6315,-71.814,3,0,1
-15.6792,-71.72,2,0,1
-15.6566,-71.8045,3,0,1
-15.655,-71.8051,3,0,1
-15.679,-71.859,3,0,1
-15.6291,-71.8109,3,0,1
-13.6815,-74.9347,0,0,0
-6.1228,-80.6695,0,0,0
-15.5127,-70.3556,0,0,0
-12.8679,-76.9293,0,0,0
-12.2412,-77.1142,6,2,1
-8.3521,-74.2103,0,0,0
-10.354,-75.5949,0,0,1
-14.3238,-76.4696,0,0,0
-11.8633,-77.4653,0,0,0
-5.7289,-78.6816,0,0,1
-14.7311,-74.7977,0,0,0
-15.294,-72.4592,0,0,0
-12.3991,-76.5683,0,0,0
-17.7702,-69.6021,0,0,0
-10.5489,-74.2725,0,0,0
-17.261,-71.8074,1,0,1
-16.3875,-72.0156,2,0,1
-17.0703,-70.1007,0,0,0
-15.7338,-72.0064,0,0,0
-15.7431,-71.9966,0,0,0
-13.9863,-76.0334,0,0,0
-5.8628,-81.4265,0,0,0
-10.8132,-77.5275,0,0,0
-18.7276,-69.7726,0,0,0
-14.277,-76.5162,0,0,0
-10.6789,-78.3835,0,0,0
-8.9846,-79.32,0,0,0
-15.728,-72.2027,0,0,0
-6.2775,-75.9521,0,0,0
-16.4289,-71.6739,4,0,3
-17.7971,-71.2344,0,0,0
-15.7008,-71.7563,2,0,0
-17.726,-70.3835,0,0,0
-12.6964,-76.7185,2,1,1
-5.8467,-77.2012,0,0,0
-16.2726,-73.8124,0,0,0
-9.22,-78.8746,0,0,0
-15.672,-71.8217,3,0,1
-13.1248,-76.9186,0,0,0
-5.8853,-77.2574,1,1,0
-15.043,-71.9469,0,0,0
-8.6328,-78.8795,0,0,0
-6.5662,-80.9815,0,0,0
-18.5038,-71.4197,0,0,0
-15.6723,-71.8083,3,0,1
-18.492,-71.3559,0,0,0
-5.875,-81.0722,2,0,1
-12.7476,-76.8906,0,0,0
-11.5236,-77.2003,5,2,3
-17.2397,-72.7165,0,0,0
-14.3526,-75.7889,0,0,0
-4.814,-80.2427,0,0,1
-14.28,-74.42,0,0,0
-11.7153,-77.6718,0,0,0
-19.2538,-70.1278,0,0,0
-5.9164,-76.9966,0,0,0
-18.7753,-70.3689,0,0,0
-13.7895,-76.131,9,2,4
-10.7021,-75.6345,0,0,0
-15.2159,-70.9652,0,0,0
-5.9471,-77.26,1,1,0
-16.0334,-74.4696,0,0,0
-9.5011,-79.213,0,0,0
-10.857,-77.8225,1,0,1
-11.9752,-77.0739,206,18,76
-12.7464,-76.8934,0,0,0
-4.9462,-80.7941,7,1,3
-4.4349,-76.9517,0,0,0
-3.764,-79.7525,1,1,0
-8.7692,-79.3971,0,0,0
-10.8136,-78.5286,0,0,0
-7.9904,-74.4022,0,0,0
-4.9316,-80.7571,17,3,8
-4.8764,-80.837,6,0,2
-12.5944,-76.9704,0,0,0
-15.2801,-75.3842,0,0,0
-12.6395,-76.7895,0,0,0
-11.1677,-73.383,0,0,0
-11.46,-76.37,0,0,0
-14.9245,-73.9447,0,0,0
-12.7673,-76.9805,0,0,0
-7.9454,-74.549,0,0,0
-9.4147,-75.4734,0,0,0
-5.5676,-80.921,0,0,0
-18.811,-69.7297,0,0,0
-19.276,-69.7501,0,0,0
-10.8968,-73.8053,0,0,0
-14.8514,-75.5255,0,0,0
-18.8399,-70.1077,0,0,0
-13.2746,-76.5149,0,0,0
-8.3557,-74.1167,0,0,0
-10.5943,-80.538,0,0,0
-16.068,-72.8268,0,0,0
-5.3387,-78.8041,0,0,0
-12.3007,-76.8936,14,3,7
-14.2191,-70.7336,0,0,0
-9.3323,-78.9565,0,0,0
-14.2194,-70.7277,0,0,0
-14.2088,-70.7514,0,0,0
-14.5845,-75.7354,0,0,0
-14.2363,-70.7162,0,0,0
-8.2174,-74.2338,0,0,0
-5.1217,-80.1891,7,1,3
-9.8578,-75.0198,0,0,1
-7.3104,-75.7099,0,0,0
-8.6808,-77.827,0,0,0
-4.5235,-77.0388,0,0,0
-18.4496,-70.9152,0,0,0
-17.661,-70.517,0,0,0
-5.33,-78.82,0,0,1
-7.636,-76.3461,0,0,0
-11.8141,-77.6579,0,0,0
-15.1846,-71.9464,0,0,0
-11.5123,-76.662,1,0,1
-17.6609,-69.6297,1,0,0
-9.8137,-78.8227,0,0,0
-14.1468,-71.4308,1,0,5
-15.3716,-70.9382,0,0,0
-8.9584,-78.7968,0,0,0
-15.7957,-71.9348,0,0,0
-8.9708,-78.1262,0,0,0
-11.3023,-74.6381,1,1,0
-16.7972,-71.8499,0,0,0
-12.7642,-76.8848,0,0,0
-12.7787,-76.9083,0,0,0
-17.4917,-69.8353,0,0,0
-17.4972,-69.8482,0,0,0
-11.9721,-76.8429,26,1,4
-4.7117,-76.9259,0,0,0
-17.5233,-69.8723,0,0,0
-12.8041,-76.9879,0,0,0
-11.4047,-76.3428,0,0,0
-5.6698,-77.2732,0,0,0
-9.5565,-75.5176,0,0,0
-4.7025,-80.3146,1,0,2
-12.6327,-77.2495,0,0,0
-4.9246,-81.0421,6,0,6
-8.6863,-77.8341,0,0,0
-5.8466,-80.8432,2,0,0
-12.7803,-73.6406,0,0,0
-9.6246,-79.5228,0,0,0
-4.939,-81.1582,1,0,1
-4.8673,-80.7908,10,1,4
-15.6474,-71.8074,3,0,1
-4.2185,-80.5715,0,0,0
-5.5762,-76.3891,0,0,0
-14.9097,-75.3355,0,0,0
-8.0493,-74.458,0,0,0
-12.6706,-76.9744,0,0,0
-5.8173,-77.204,0,0,0
-9.486,-75.5815,0,0,0
-5.4455,-80.9701,0,0,0
-10.6212,-76.1615,2,0,1
-7.9554,-75.5877,0,0,0
-7.5669,-79.7603,0,0,0
-16.5706,-72.9577,0,0,0
-9.2366,-79.3581,0,0,0
-7.4486,-80.0076,0,0,0
-17.4443,-71.6628,0,0,0
-6.1297,-81.9684,0,0,0
-16.7705,-71.0616,0,0,0
-7.9299,-80.0815,0,0,0
-15.3448,-73.8887,0,0,0
-5.8621,-81.2652,0,0,0
-11.8631,-77.4793,0,0,0
-4.8779,-80.7718,14,2,7
-15.6413,-71.8091,3,0,1
-2.865,-80.235,0,0,0
-15.6442,-71.8064,3,0,1
-15.6889,-72.047,1,0,3
-13.3321,-76.5363,0,0,0
-17.437,-70.9832,0,0,0
-4.6231,-77.7594,0,0,0
-8.848,-74.4913,0,0,0
-8.4808,-74.3199,0,0,0
-14.6779,-75.4314,0,0,0
-16.3491,-73.3654,0,0,0
-17.5128,-69.8481,0,0,0
-16.8955,-71.7754,0,0,0
-13.3986,-76.529,0,0,0
-15.7097,-74.6918,0,0,0
-4.5628,-76.9909,0,0,0
-14.9919,-71.8617,0,0,0
-8.6569,-77.8527,1,0,0
-17.5199,-69.8482,0,0,0
-17.5257,-69.8576,0,0,0
-17.8345,-71.7482,0,0,0
-17.5333,-69.8698,0,0,0
-14.3135,-74.8401,0,0,1
-4.8753,-77.1182,0,0,0
-17.687,-70.7135,1,1,1
-17.0256,-70.1114,0,0,0
-10.4719,-74.6984,0,0,0
-18.5536,-71.1813,0,0,0
-17.5458,-69.8529,0,0,0
-15.875,-71.9521,0,0,0
-13.6492,-76.1216,10,3,5
-16.7783,-69.6014,0,0,0
-9.2052,-79.284,0,0,0
-16.7834,-71.5405,0,0,0
-14.1302,-75.7827,33,2,12
-18.6774,-71.1667,0,0,0
-2.5246,-77.4346,0,0,0
-8.9641,-79.4237,0,0,0
-11.3555,-77.21,0,0,0
-15.6845,-71.9517,1,0,1
-6.4785,-79.9664,0,0,0
-12.7295,-76.9489,0,0,0
-15.6695,-71.8598,3,0,1
-5.7965,-77.3872,0,0,0
-13.359,-76.5772,0,0,0
-5.6923,-79.4186,0,0,0
-16.0739,-74.372,0,0,0
-13.9528,-76.9615,0,0,0
-16.1798,-74.5512,0,0,0
-8.1665,-80.089,0,0,0
-8.1322,-80.0543,0,0,0
-19.3459,-69.4223,0,0,0
-4.7789,-76.9751,0,0,0
-15.7092,-71.968,1,0,1
-13.5291,-76.1959,1,0,1
-17.2956,-69.9975,0,0,0
-12.5396,-77.0096,0,0,0
-4.4251,-76.9396,0,0,0
-12.0563,-77.5417,0,0,0
-14.9746,-73.5804,0,0,0
-11.7102,-76.8406,1,0,1
-15.282,-76.9737,0,0,0
-14.9032,-71.9165,0,0,0
-6.5374,-75.8744,0,0,0
-10.2566,-75.1583,0,0,0
-12.0554,-77.4767,0,0,0
-8.8384,-79.8705,0,0,0
-12.1329,-75.4928,0,0,0
-8.9325,-79.1874,0,0,0
-10.1533,-75.7022,0,0,0
-16.2898,-70.5501,0,0,0
-8.9423,-78.6509,3,0,0
-3.2621,-80.7202,0,0,0
-15.6807,-71.8369,3,0,1
-15.6562,-71.8506,3,0,1
-16.9811,-72.0928,3,2,2
-15.6247,-71.8229,3,0,1
-6.8414,-75.9866,0,0,0
-10.6667,-75.0575,0,0,0
-11.6662,-76.6222,0,0,0
-12.2563,-77.4444,0,0,0
-15.3958,-75.8778,0,0,0
-10.4619,-78.6281,0,0,0
-9.1798,-75.6455,0,0,0
-4.8751,-80.6242,13,3,7
-8.0661,-74.5549,0,0,0
-16.5236,-72.7741,3,0,5
-11.6774,-76.3741,1,0,1
-12.4901,-77.1209,0,0,0
-14.3727,-72.8538,1,0,1
-13.0722,-76.4521,7,1,3
-9.7311,-78.6113,0,0,0
-14.3665,-72.3038,0,0,0
-16.3088,-74.8015,0,0,0
-14.2283,-72.9672,0,0,1
-4.9436,-80.8156,4,0,1
-15.652,-71.8778,2,0,1
-16.1879,-73.38,0,0,0
-9.1797,-79.3218,0,0,0
-12.5965,-76.9111,0,0,0
-15.4088,-75.5918,0,0,0
-18.3409,-69.5508,0,0,0
-11.8577,-73.4708,0,0,0
-5.9821,-81.7157,0,0,0
-19.2852,-69.9224,0,0,0
-15.6646,-71.8744,2,0,1
-15.8643,-73.2034,1,0,1
-4.8812,-80.856,6,0,2
-4.8098,-80.8225,4,0,1
-2.9102,-76.4115,0,0,0
-12.7838,-76.9612,0,0,0
-15.2895,-75.0472,0,0,0
-11.9423,-71.8073,0,0,0
-17.7228,-70.982,0,0,2
-15.1912,-74.1221,0,0,0
-15.1713,-74.1412,0,0,0
-15.2658,-72.3333,1,0,1
-8.0183,-78.9337,17,3,3
-8.0812,-74.5083,0,0,0
-13.5258,-76.1404,1,0,3
-12.526,-77.0344,0,0,0
-11.7135,-76.2469,1,0,2
-4.9239,-80.7336,19,3,9
-12.0476,-76.434,2,0,0
-12.1758,-73.3728,0,0,0
-16.1175,-74.0015,0,0,0
-15.7155,-71.9919,0,0,0
-15.7141,-71.991,0,0,0
-11.0215,-74.6127,0,0,0
-7.1664,-80.2237,0,0,0
-12.6873,-77.0739,0,0,0
-16.3852,-71.9893,2,0,1
-11.6638,-77.852,0,0,0
-12.2831,-76.5969,0,0,0
-14.3315,-76.7642,0,0,0
-8.6758,-77.8129,0,0,0
-15.6648,-71.8589,3,0,1
-12.9816,-71.4961,0,0,1
-4.9859,-80.7687,10,0,4
-16.3533,-73.1182,1,0,1
-15.6605,-71.9082,2,0,1
-9.2198,-79.1619,0,0,0
-15.6516,-71.8749,2,0,1
-15.6604,-71.8617,2,0,1
-15.6889,-71.8644,2,0,1
-15.6689,-71.8627,2,0,1
-15.6737,-71.8668,2,0,1
-15.6532,-71.951,1,0,1
-15.6398,-71.9177,2,0,1
-11.8177,-71.6784,0,0,0
-15.693,-71.8651,2,0,1
-15.6804,-71.8613,2,0,1
-16.4261,-71.9851,2,0,1
-8.7628,-74.7172,0,0,0
-15.6047,-71.8352,3,0,1
-15.6719,-71.9377,1,0,1
-15.667,-71.9237,2,0,1
-11.7352,-71.787,0,0,0
-15.6594,-71.9335,1,0,1
-15.6869,-71.8529,3,0,1
-15.6449,-71.9179,2,0,1
-15.6843,-71.8768,2,0,1
-15.6804,-71.8883,3,0,2
-15.6611,-71.8865,3,0,1
-15.6627,-71.9452,1,0,1
-15.7346,-71.8928,0,0,0
-15.6536,-71.8792,2,0,1
-15.6773,-71.8665,2,0,1
-12.5738,-76.8823,0,0,0
-15.7,-71.8571,2,0,0
-15.6649,-71.9386,1,0,1
-15.6828,-71.9097,2,0,1
-15.6119,-71.9295,2,0,1
-15.6599,-71.9161,2,0,1
-15.6679,-71.9428,1,0,1
-17.076,-72.8911,0,0,0
-15.6557,-71.9396,1,0,1
-15.6397,-71.8805,2,0,1
-11.3756,-78.0244,0,0,0
-15.6525,-71.8977,3,0,2
-15.6607,-71.9075,2,0,1
-15.6755,-71.9221,2,0,1
-15.68,-71.9022,2,0,1
-15.6624,-71.9034,2,0,1
-14.1026,-74.5095,0,0,0
-15.6584,-71.9038,2,0,1
-16.0587,-73.7612,0,0,0
-15.2684,-72.0978,0,0,0
-4.9458,-80.8028,5,0,2
-9.493,-74.8316,0,0,0
-15.7004,-72.1654,0,0,2
-15.6982,-71.5113,2,0,1
-16.204,-73.667,1,0,1
-15.8728,-70.6173,0,0,0
-13.1196,-75.1336,0,0,0
-15.6811,-71.5262,2,0,1
-16.2741,-69.7681,0,0,0
-9.4838,-71.1994,0,0,0
-17.0031,-71.7271,1,1,1
-4.1618,-80.8903,0,0,0
-16.5205,-72.9057,0,0,0
-8.2144,-74.8406,0,0,0
-15.6492,-71.7523,3,0,1
-19.3272,-70.2834,0,0,0
-11.0667,-78.0753,0,0,0
-10.1621,-75.1179,0,0,0
-4.5763,-80.8257,0,0,0
-16.2635,-70.7945,1,0,1
-9.5828,-79.0223,0,0,0
-9.3291,-79.3778,0,0,0
-6.9484,-76.6579,0,0,0
-12.7146,-76.8595,0,0,0
-15.7156,-71.7951,0,0,0
-9.1099,-75.2912,0,0,0
-16.3785,-71.9978,2,0,0
-7.1908,-76.8528,0,0,0
-8.6833,-77.821,0,0,0
-13.6165,-72.796,3,2,6
-15.6464,-75.2207,0,0,0
-7.0588,-80.7385,0,0,0
-7.0798,-80.8009,0,0,0
-17.4461,-72.2082,0,0,0
-18.227,-71.1078,0,0,0
-15.2789,-71.7456,0,0,0
-8.6889,-77.838,0,0,0
-3.0362,-78.2517,0,0,0
-16.2995,-69.8695,0,0,0
-15.7313,-71.7939,0,0,0
-15.7451,-71.7949,0,0,0
-15.7503,-71.7846,0,0,0
-15.7298,-71.8037,0,0,0
-16.56,-71.6639,0,0,0
-15.712,-71.7504,1,0,0
-4.8973,-80.7521,17,3,8
-9.0665,-79.3026,0,0,0
-17.3989,-69.9036,0,0,0
-3.5852,-80.2755,3,1,2
-4.8544,-80.857,6,0,2
-12.4809,-73.9826,0,0,0
-11.4083,-77.2998,1,1,2
-16.4909,-73.6804,0,0,0
-15.384,-73.9554,0,0,0
-15.5541,-70.2435,1,0,0
-15.7447,-71.7933,0,0,0
-15.7431,-71.7796,0,0,0
-8.5417,-80.6036,0,0,0
-8.553,-80.5879,0,0,0
-3.6346,-80.7573,2,0,1
-18.464,-71.4019,0,0,0
-9.9652,-78.8258,0,0,0
-18.4621,-71.4502,0,0,0
-18.4936,-71.4888,0,0,0
-11.0461,-79.2427,0,0,0
-12.1243,-77.9256,0,0,0
-8.5585,-79.2141,0,0,0
-18.2597,-70.0099,0,0,0
-9.9203,-80.0111,0,0,0
-4.9444,-80.778,10,2,5
-15.44,-72.08,0,0,0
-12.6195,-76.9318,0,0,0
-8.8455,-79.1864,0,0,0
-17.4915,-69.564,0,0,0
-8.8986,-79.1617,0,0,0
-9.1062,-79.1025,0,0,0
-8.1568,-76.0172,0,0,0
-15.7237,-71.8071,0,0,0
-4.888,-80.7913,9,1,4
-8.6773,-77.8369,0,0,0
-15.763,-71.8288,0,0,0
-15.8012,-71.7224,0,0,0
-15.8212,-71.7336,0,0,0
-15.8049,-71.7253,0,0,0
-3.4867,-80.4473,9,1,6
-4.8415,-80.8419,5,0,2
-15.8028,-71.7197,0,0,0
-14.3981,-76.6834,0,0,0
-9.3206,-78.569,0,0,0
-7.5939,-78.2462,0,0,0
-3.8818,-76.4696,0,0,0
-4.9125,-80.8104,6,0,3
-13.5477,-76.086,1,0,1
-3.34,-78.1963,0,0,0
-8.675,-77.8435,0,0,0
-10.6448,-75.0916,0,0,0
-15.9526,-70.6323,0,0,0
-15.9012,-70.6054,0,0,0
-12.6762,-76.9108,0,0,0
-15.8177,-70.5763,0,0,0
-12.4127,-77.5699,0,0,0
-12.6136,-76.7239,1,1,1
-4.8786,-80.8107,7,0,3
-12.2651,-77.4349,0,0,0
-17.8503,-70.2129,0,1,1
-11.1665,-76.4241,0,0,0
-15.7163,-72.085,0,0,2
-8.5883,-80.2828,0,0,0
-8.2241,-74.3218,0,0,0
-15.6935,-72.0391,1,0,3
-18.4546,-70.4272,0,0,0
-7.9818,-74.6795,0,0,0
-4.885,-80.7629,16,3,8
-9.6467,-74.4301,0,0,0
-8.678,-77.8573,0,0,0
-13.2676,-76.4791,0,0,0
-8.6746,-77.8449,0,0,0
-16.1722,-71.6496,0,0,1
-18.2645,-69.9961,0,0,0
-4.9139,-80.7683,13,3,8
-15.7255,-72.0848,0,0,2
-16.65,-71.99,1,0,1
-15.0895,-75.964,0,0,0
-4.9327,-80.7933,9,1,4
-14.5114,-73.1447,0,0,0
-4.5689,-80.0629,2,0,1
-3.7145,-77.2255,0,0,0
-14.2363,-73.4828,0,0,0
-14.7808,-76.1903,0,0,0
-4.9058,-80.81,6,0,3
-4.8999,-80.8004,8,0,3
-4.9481,-80.7677,13,3,7
-4.8981,-80.7982,8,0,3
-4.8736,-80.8127,7,0,3
-14.7151,-76.1709,0,0,0
-14.7307,-76.1902,0,0,0
-14.7485,-76.2269,0,0,0
-4.6685,-80.3423,0,0,0
-8.03,-74.5276,0,0,0
-14.7661,-76.1888,0,0,0
-12.7191,-76.8906,0,0,0
-5.0204,-80.7229,3,0,0
-14.8461,-76.3513,0,0,0
-8.8114,-75.0771,0,0,0
-13.2447,-74.669,0,0,0
-12.7717,-76.8301,0,0,0
-4.9128,-80.7873,9,1,5
-7.8219,-77.9951,1,0,0
-4.9094,-80.8447,5,0,2
-15.6605,-71.767,3,0,1
-17.2266,-69.9892,0,0,0
-10.0033,-75.9654,0,0,0
-18.4873,-69.536,0,0,0
-4.552,-76.8683,0,0,0
-4.9007,-80.7893,9,1,4
-4.9674,-80.7738,10,2,5
-4.9476,-80.7868,7,1,4
-4.9123,-80.8021,7,0,3
-4.9089,-80.8054,7,0,3
-6.3898,-80.711,0,0,0
-8.2321,-74.4785,0,0,0
-12.7758,-76.9074,0,0,0
-4.9121,-80.7292,18,3,9
-4.9286,-80.8125,6,0,3
-4.9382,-80.8061,5,0,2
-4.9799,-80.7668,11,2,5
-4.9194,-80.8116,6,0,3
-4.9389,-80.7846,9,1,4
-4.8773,-80.8027,8,0,3
-4.8617,-80.796,10,1,4
-17.0796,-69.7702,0,0,0
-4.9483,-80.7676,13,3,7
-4.9251,-80.7812,11,1,4
-4.9436,-80.7562,17,3,8
-9.841,-76.426,0,0,0
-4.9103,-80.8278,5,0,2
-4.922,-80.7819,11,1,4
-4.9091,-80.7847,11,1,5
-4.8503,-80.841,5,0,2
-15.5793,-73.8661,0,0,0
-8.5035,-80.2783,0,0,0
-8.4187,-80.1469,0,0,0
-8.3571,-80.1332,0,0,0
-13.59,-76.3,0,0,0
-18.5751,-70.6557,0,0,0
-12.53,-76.93,0,0,0
-15.7035,-72.3339,0,0,0
-13.6429,-76.4184,0,0,0
-11.1156,-74.6331,0,0,0
-15.8108,-71.8967,0,0,0
-17.2917,-69.9785,0,0,0
-3.7773,-80.4068,1,0,1
-12.9181,-76.1834,0,0,1
-15.7242,-71.7198,0,0,0
-13.6821,-76.8856,0,0,0
-15.0127,-74.778,0,0,0
-5.1753,-79.1888,0,0,0
-12.6155,-77.0551,0,0,0
-11.597,-77.728,0,0,0
-17.2773,-70.9563,8,2,4
-15.653,-71.688,3,0,1
-16.5485,-71.4758,4,0,4
-14.8705,-71.6544,0,0,0
-12.7561,-76.9581,0,0,0
-15.6487,-71.851,3,0,1
-5.119,-80.8154,0,0,0
-3.5642,-77.3355,0,0,0
-11.989,-76.5909,1,0,1
-17.5854,-70.3694,0,0,0
-7.7015,-74.9676,0,0,0
-15.7007,-71.4718,0,0,0
-7.949,-74.5164,0,0,0
-11.6252,-75.2012,0,0,0
-12.8546,-73.9939,0,0,0
-11.7928,-75.5932,0,0,0
-15.9739,-73.893,0,0,0
-20.5096,-69.0011,0,0,0
-15.7115,-71.7996,1,0,0
-18.4814,-71.4169,0,0,0
-18.1426,-70.3119,3,3,0
-18.1013,-69.7885,0,0,0
-12.6549,-76.8625,0,0,0
-12.6767,-76.8809,0,0,0
-12.6678,-76.8988,0,0,0
-14.7039,-76.1983,0,0,0
-16.8583,-71.7208,0,0,0
-15.8153,-71.9577,0,0,0
-15.3307,-75.2104,5,1,1
-16.4399,-71.8561,5,0,4
-15.7949,-72.1069,0,0,2
-12.6958,-76.8777,0,0,0
-6.2222,-80.7008,0,0,0
-15.8042,-72.0797,0,0,2
-18.0201,-72.0169,0,0,0
-8.4551,-75.0331,0,0,0
-5.3111,-78.8084,0,0,1
-16.0973,-73.3118,0,0,0
-14.5923,-74.3947,0,0,0
-12.7395,-76.8973,0,0,0
-15.6902,-71.9766,1,0,1
-13.7179,-76.3805,0,0,0
-12.7627,-76.8919,0,0,0
-12.6078,-76.7696,0,0,0
-17.5132,-69.8583,0,0,0
-11.5869,-76.8539,0,0,0
-13.3938,-76.4621,0,0,0
-18.5333,-69.4079,0,0,0
-12.7263,-76.8964,0,0,0
-15.502,-71.9465,0,0,0
-12.6982,-76.8441,0,0,0
-8.2065,-74.5239,0,0,0
-11.7,-77.3527,0,0,0
-12.7388,-76.8556,0,0,0
-16.7,-71.65,0,0,0
-12.4611,-76.865,1,0,4
-17.4767,-69.8648,0,0,0
-12.7388,-76.9302,0,0,0
-13.11,-74.46,0,0,0
-12.6814,-76.8186,0,0,0
-12.7668,-77.0052,0,0,0
-16.7711,-70.6449,5,0,2
-3.0842,-76.5553,0,0,0
-16.5466,-74.0722,0,0,0
-16.7837,-70.6594,5,0,2
-9.0903,-75.3608,0,0,0
-11.3281,-78.1586,0,0,0
-17.3368,-70.0324,0,0,0
-17.4897,-69.8787,0,0,0
-4.1105,-81.1066,3,0,3
-12.2988,-77.0948,0,0,0
-13.0942,-76.8407,0,0,0
-13.729,-71.9952,0,0,2
-15.5453,-72.0061,1,0,1
-9.9556,-78.8563,0,0,0
-16.81,-70.7,5,0,2
-16.8098,-70.6996,5,0,2
-4.0406,-76.8106,0,0,0
-14.7044,-72.6504,0,0,0
-12.5094,-76.9129,0,0,0
-16.1127,-71.6731,0,0,0
-18.5383,-70.1685,0,0,0
-16.672,-74.0487,0,0,0
-16.8165,-74.2006,0,0,0
-6.6154,-81.4505,0,0,0
-12.6953,-77.0571,0,0,0
-11.8483,-76.5812,0,0,1
-8.82,-74.54,0,0,0
-4.4616,-78.3322,0,0,0
-10.3067,-74.4851,0,0,0
-12.4674,-76.7134,2,1,4
-15.73,-75.3,0,0,0
-7.8656,-74.5544,0,0,0
-17.4565,-69.8345,0,0,0
-15.0591,-75.7387,0,0,0
-15.7411,-75.3858,0,0,0
-17.2697,-69.9877,0,0,0
-13.9933,-74.6214,0,0,0
-16.341,-74.2031,0,0,0
-18.3486,-69.9059,0,0,0
-17.4386,-69.8763,0,0,0
-16.0808,-73.8125,0,0,0
-8.1087,-78.1398,1,0,0
-17.4544,-69.8702,0,0,0
-15.8162,-71.7198,0,0,0
-15.7302,-72.0706,0,0,2
-9.4852,-79.1332,0,0,0
-17.2699,-69.9895,0,0,0
-9.1982,-75.7378,0,0,0
-15.7281,-72.0613,0,0,2
-10.0988,-75.7307,0,0,0
-13.9225,-72.0169,0,0,2
-14.73,-75.45,0,0,0
-15.69,-71.77,3,0,1
-8.709,-79.4941,0,0,0
-15.2144,-74.1111,0,0,0
-3.9333,-77.4678,0,0,0
-16.9848,-71.2777,0,0,0
-17.4297,-69.8627,0,0,0
-5.8945,-80.851,0,0,0
-17.3423,-69.9653,0,0,0
-17.3072,-69.9938,0,0,0
-10.9463,-74.0428,0,0,0
-17.2607,-69.9627,0,0,0
-15.14,-75.04,0,0,0
-17.2822,-70.0358,0,0,0
-16.0531,-74.5638,0,0,0
-9.0754,-80.2277,0,0,0
-17.4943,-69.8569,0,0,0
-16.0386,-72.4544,4,0,1
-13.5581,-72.5187,0,0,2
-13.5611,-72.5184,0,0,2
-10.7129,-75.1161,0,0,0
-4.6571,-80.2023,1,0,3
-17.4617,-69.9016,0,0,0
-17.4402,-69.8962,0,0,0
-15.7006,-71.7691,2,0,0
-15.726,-71.8898,0,0,0
-17.4305,-69.9042,0,0,0
-14.2102,-75.785,3,0,2
-11.6953,-76.3693,1,0,1
-9.4105,-79.267,0,0,0
-15.6879,-71.7739,3,0,1
-15.6332,-71.7792,3,0,1
-15.7472,-72.0971,0,0,2
-15.7322,-72.0884,0,0,2
-14.2742,-75.904,0,0,0
-15.65,-71.76,3,0,1
-17.2926,-69.9848,0,0,0
-17.4456,-69.9154,0,0,0
-9.8498,-75.3634,0,0,0
-17.4071,-69.9113,0,0,0
-10.1132,-75.6488,0,0,0
-4.7731,-81.0145,1,0,0
-17.2874,-70.0034,0,0,0
-8.2232,-76.4088,0,0,0
-7.7817,-74.1708,0,0,0
-8.7012,-79.3422,0,0,0
-8.8858,-80.0167,0,0,0
-10.7404,-75.484,0,0,0
-17.3124,-69.9716,0,0,0
-16.4056,-71.6806,5,0,4
-16.3626,-71.6924,4,0,3
-4.9225,-80.7649,16,3,8
-16.6346,-71.7942,0,0,2
-15.8102,-71.7145,0,0,0
-16.775,-71.323,1,0,0
-14.453,-75.3908,0,0,0
-17.2888,-69.9626,0,0,0
-17.2729,-69.9496,0,0,0
-7.9992,-74.5562,0,0,0
-15.854,-75.3596,0,0,0
-7.5607,-74.8597,0,0,0
-4.8472,-76.7147,0,0,0
-14.2639,-72.8322,0,0,0
-15.1679,-72.5028,0,0,0
-15.8052,-71.6851,0,0,0
-15.7898,-71.7049,0,0,0
-12.654,-76.8737,0,0,0
-6.0944,-81.6523,0,0,0
-16.7474,-71.6939,0,0,0
-11.4974,-77.6635,0,0,0
-13.0014,-76.7019,0,0,0
-15.7955,-71.6994,0,0,0
-17.2735,-69.9232,0,0,0
-16.7194,-72.7398,0,0,0
-17.3103,-69.9308,0,0,0
-17.29,-69.95,0,0,0
-17.2952,-69.9561,0,0,0
-13.2454,-76.5825,0,0,0
-17.3226,-69.9591,0,0,0
-16.4309,-71.8208,3,0,2
-17.2588,-69.9342,0,0,0
-17.2781,-70.0052,0,0,0
-17.2475,-69.968,0,0,0
-17.2701,-69.9867,0,0,0
-16.73,-71.4741,0,0,0
-10.7191,-75.318,1,1,1
-15.7696,-72.067,0,0,2
-13.6856,-74.7097,0,0,0
-15.8108,-72.0792,0,0,2
-15.6991,-71.469,0,0,0
-8.6838,-78.7842,0,0,0
-15.7295,-74.7059,0,0,0
-17.2789,-69.9432,0,0,0
-17.2713,-69.9351,0,0,0
-17.2682,-69.9303,0,0,0
-16.4389,-72.9549,0,0,0
-8.3554,-79.8779,0,0,0
-7.8895,-77.9828,1,0,0
-15.6645,-71.913,2,0,1
-10.3204,-78.7778,0,0,0
-15.4087,-72.5439,0,0,0
-11.8157,-77.2888,0,0,0
-12.4116,-77.1026,0,0,0
-15.652,-71.8138,3,0,1
-12.3604,-77.7007,0,0,0
-16.748,-72.31,0,0,0
-16.7884,-72.3062,0,0,0
-12.648,-76.8788,0,0,0
-15.4588,-75.3971,0,0,0
-15.8042,-71.7178,0,0,0
-17.6069,-70.7727,1,1,1
-15.8036,-71.7177,0,0,0
-16.3341,-71.6833,3,0,3
-17.7449,-70.5484,0,0,1
-12.5326,-76.0711,0,0,0
-16.8086,-72.3378,0,0,0
-15.8329,-71.7343,0,0,0
-15.8153,-71.7221,0,0,0
-16.7282,-72.3179,0,0,0
-16.7781,-72.3126,0,0,0
-15.7951,-71.7248,0,0,0
-15.8081,-71.7084,0,0,0
-15.7965,-71.7109,0,0,0
-8.8249,-80.2478,0,0,0
-15.7657,-74.6356,0,0,0
-3.1454,-75.8211,0,0,0
-15.7782,-75.4137,0,0,0
-7.035,-80.3418,0,0,0
-13.9504,-71.9932,0,0,1
-7.4175,-74.6522,0,0,0
-10.8322,-78.3669,0,0,0
-16.2863,-70.3679,0,0,0
-5.8469,-81.1097,2,0,1
-8.1219,-74.6349,0,0,0
-3.4952,-80.8204,0,0,0
-15.2333,-71.6764,0,0,0
-15.6551,-71.9589,1,0,1
-9.0252,-75.1356,0,0,0
-6.0885,-76.9433,4,1,1
-13.9111,-72.0,0,0,2
-16.8203,-71.7943,0,0,0
-13.9193,-72.6914,0,0,1
-8.7227,-74.5781,0,0,0
-3.0391,-80.0845,0,0,0
-16.5115,-72.395,0,0,0
-10.6132,-78.7168,0,0,0
-7.5678,-76.3146,0,0,0
-12.3645,-76.8936,4,0,1
-15.3239,-72.0639,0,0,0
-16.6428,-73.457,0,0,0
-15.7631,-72.0901,0,0,2
-15.7704,-72.1096,0,0,2
-15.6714,-71.6379,2,0,1
-13.1015,-72.9314,0,0,1
-13.6913,-75.9984,0,0,1
-17.8138,-77.0503,0,0,0
-11.0533,-78.2198,0,0,0
-9.8606,-78.8932,0,0,0
-14.3375,-76.0166,0,0,0
-15.8833,-74.179,2,0,2
-15.6878,-71.9208,2,0,1
-16.7982,-71.4923,0,0,0
-6.7113,-75.8376,0,0,0
-8.8367,-74.5062,0,0,0
-5.963,-80.4701,0,0,0
-17.4615,-69.9094,0,0,0
-15.7797,-74.4469,1,0,0
-15.0016,-74.7611,0,0,0
-17.0203,-71.6625,0,0,0
-15.6413,-70.2284,0,0,0
-10.6359,-75.3665,2,1,1
-3.9988,-77.2804,0,0,0
-16.3639,-71.9994,0,0,0
-10.1309,-75.8612,0,0,0
-4.2678,-77.4836,0,0,0
-15.7567,-72.0947,0,0,2
-16.6624,-73.3341,0,0,0
-15.4642,-74.5997,1,0,2
-14.3649,-71.3448,0,0,1
-8.9163,-75.8867,0,0,0
-8.6741,-79.8808,0,0,0
-15.7336,-71.9849,0,0,0
-9.6463,-75.0891,0,0,0
-15.7116,-72.0756,0,0,2
-16.7159,-71.4989,0,0,0
-17.5194,-69.8289,0,0,0
-15.6281,-71.7908,3,0,1
-15.7222,-71.9826,0,0,0
-15.7327,-71.9873,0,0,0
-15.7775,-72.0952,0,0,2
-15.7161,-71.9881,0,0,0
-15.7766,-72.1009,0,0,2
-15.7793,-72.0879,0,0,2
-7.5018,-80.0282,0,0,0
-10.8234,-73.9636,0,0,0
-15.7894,-71.7656,0,0,0
-14.6095,-76.126,0,0,0
-9.2369,-79.2022,0,0,0
-18.3728,-69.9648,0,0,0
-4.7581,-81.0166,0,0,0
-15.2071,-75.0751,0,0,0
-14.8893,-76.0341,0,0,0
-5.6215,-80.962,0,0,0
-15.6694,-71.8269,3,0,1
-17.2813,-69.9528,0,0,0
-12.2945,-75.2126,0,0,0
-18.4669,-69.8453,0,0,0
-17.601,-72.6153,0,0,0
-17.633,-72.613,0,0,0
-9.3727,-77.6993,2,0,0
-3.5362,-77.1682,0,0,0
-15.6351,-71.9646,1,0,1
-11.9773,-76.1177,0,0,0
-12.408,-77.0608,0,0,0
-12.954,-76.8012,0,0,0
-9.2381,-74.8899,0,0,0
-9.6294,-74.8746,0,0,0
-15.3852,-75.8775,0,0,0
-17.1134,-71.6705,1,0,1
-9.2505,-74.9101,0,0,0
-9.1833,-74.887,0,0,0
-9.1755,-74.8175,0,0,0
-9.0077,-77.953,3,0,0
-3.9874,-79.003,3,1,1
-16.8107,-71.3762,0,0,0
-17.4306,-69.8842,0,0,0
-16.3292,-72.8996,0,0,0
-4.0057,-77.4557,0,0,0
-14.986,-73.1191,0,0,0
-17.4507,-69.8764,0,0,0
-8.5731,-74.4152,0,0,0
-8.6645,-80.6921,0,0,0
-3.4755,-76.8544,0,0,0
-17.4798,-69.9166,0,0,0
-4.1493,-80.4579,0,0,0
-17.4485,-69.9045,0,0,0
-11.2463,-78.2051,0,0,0
-15.1712,-72.3753,0,0,0
-9.7003,-78.9547,0,0,0
-8.7933,-79.0748,0,0,0
-15.4398,-71.6607,0,0,0
-18.6277,-69.9875,0,0,0
-5.4435,-77.4638,0,0,0
-16.4588,-71.9266,3,0,2
-15.7083,-71.7902,1,0,0
-6.1151,-75.471,0,0,0
-11.0763,-78.2306,0,0,0
-10.2473,-74.9909,0,0,0
-10.6204,-75.2033,0,0,0
-15.6356,-71.7877,3,0,1
-2.9858,-77.533,0,0,0
-16.5278,-73.8837,0,0,0
-15.2158,-75.9369,0,0,0
-15.1939,-75.8782,0,0,0
-14.8671,-71.9162,0,0,0
-17.0983,-72.075,2,2,1
-17.321,-70.99,0,0,0
-7.5351,-76.5483,0,0,0
-5.8992,-77.0798,0,0,0
-16.7717,-71.5498,0,0,0
-11.9106,-77.4207,0,0,0
-19.891,-70.5124,0,0,0
-4.9971,-78.5156,0,0,0
-18.2831,-69.7948,0,0,0
-8.3283,-74.3484,0,0,0
-14.9788,-72.0532,0,0,0
-13.4867,-74.9395,0,0,0
-16.4953,-74.0804,0,0,0
-15.0594,-71.168,0,0,0
-12.1333,-77.2088,11,6,6
-13.9943,-76.044,0,0,0
-18.1027,-70.7614,0,0,1
-7.2548,-80.8309,0,0,0
-2.2996,-79.701,0,0,0
-14.9737,-75.5767,0,0,0
-15.1073,-75.79,0,0,0
-15.0621,-75.6662,0,0,0
-15.0279,-75.5881,0,0,0
-15.1498,-75.7829,0,0,0
-9.7114,-75.4651,0,0,0
-11.4012,-75.9082,0,0,0
-15.8334,-74.3299,3,0,2
-17.0572,-72.3286,0,0,0
-15.1272,-75.7619,0,0,0
-11.8615,-77.8184,0,0,0
-8.15,-79.1401,8,1,3
-13.5512,-74.8169,0,0,0
-14.7413,-76.1022,0,0,0
-10.7254,-78.527,0,0,0
-13.8529,-76.7581,0,0,0
-12.6995,-77.1242,0,0,0
-3.9402,-81.2469,0,0,0
-10.2711,-75.5307,0,0,0
-15.0003,-75.6142,0,0,0
-12.452,-76.9323,0,0,0
-14.6113,-75.6962,0,0,0
-3.6921,-74.8913,0,0,0
-12.7169,-78.1989,0,0,0
-17.2285,-71.3018,0,0,0
-16.4913,-71.9079,5,0,4
-6.3476,-78.7238,0,0,0
-4.721,-75.9001,0,0,0
-15.7106,-72.0329,0,0,3
-19.6883,-69.4649,0,0,0
-15.5917,-74.857,1,0,1
-17.5621,-70.04,1,1,2
-15.8968,-74.2001,2,0,2
-7.2251,-80.9195,0,0,0
-16.2533,-73.7271,0,0,0
-8.2573,-79.7605,0,0,0
-15.6684,-73.8533,0,0,0
-15.0872,-74.5657,0,0,0
-15.7166,-71.8202,0,0,0
-15.7803,-75.0419,0,0,0
-16.1055,-74.4257,0,0,0
-11.3012,-75.6121,1,0,0
-5.1335,-80.7949,0,0,0
-5.6122,-77.2993,0,0,0
-16.0895,-74.3887,0,0,0
-18.5814,-71.0856,0,0,0
-11.6639,-76.3317,0,0,1
-19.1226,-69.7226,0,0,0
-16.1402,-74.4222,0,0,0
-11.3444,-73.3573,0,0,0
-16.5453,-71.821,1,0,3
-15.7048,-71.7497,1,0,0
-17.4713,-71.2867,0,0,0
-13.5123,-76.2932,0,0,0
-12.5543,-76.7565,2,1,1
-11.3742,-76.0006,0,0,0
-16.7179,-71.4853,0,0,0
-12.482,-76.5698,0,0,0
-3.5701,-80.2156,7,3,4
-9.424,-79.3579,0,0,0
-16.9536,-71.1297,0,0,0
-9.8189,-78.8111,0,0,0
-3.5681,-77.5214,0,0,0
-3.6381,-77.8651,0,0,0
-16.351,-73.781,0,0,0
-17.3157,-71.8292,0,0,0
-10.227,-75.5954,0,0,0
-15.7145,-72.0127,0,0,0
-13.4643,-71.882,24,4,7
-15.9297,-72.8061,0,0,0
-15.7449,-71.9659,0,0,0
-15.7336,-71.9638,0,0,0
-16.5911,-70.3692,1,0,0
-16.717,-71.8115,0,0,1
-16.7226,-71.7838,0,0,0
-8.5326,-79.5802,0,0,0
-9.318,-76.1503,0,0,1
-21.8302,-69.2749,0,0,0
-15.7204,-71.8984,0,0,0
-12.9352,-77.1618,0,0,0
-14.4596,-72.9514,0,0,0
-12.5986,-76.7474,0,1,0
-15.9663,-74.4846,0,0,0
-11.8995,-77.0818,97,8,25
-15.7182,-71.7488,0,0,0
-19.2434,-70.2686,0,0,0
-8.9311,-79.9911,0,0,0
-14.9483,-75.3455,0,0,0
-10.0799,-74.8566,0,0,0
-17.2929,-69.9366,0,0,0
-16.9326,-72.1952,0,0,0
-16.4618,-71.8491,5,0,4
-19.2308,-70.4989,0,0,0
-8.9549,-79.3446,0,0,0
-20.5325,-69.4245,2,1,0
-10.6974,-73.7287,1,1,1
-7.5276,-74.6114,0,0,0
-14.9718,-72.5819,0,0,0
-12.5367,-76.8824,1,0,1
-17.8719,-71.2983,0,0,0
-12.8928,-77.226,0,0,0
-9.0361,-74.9526,0,0,0
-14.5204,-75.7069,0,0,0
-15.7246,-72.0864,0,0,2
-11.2016,-73.2016,0,0,0
-15.1897,-75.8921,0,0,0
-5.1916,-79.2652,0,0,0
-15.6983,-72.0032,1,0,1
-5.1133,-81.0119,3,0,1
-9.1469,-75.7419,0,0,0
-18.856,-70.1169,0,0,0
-14.768,-76.141,0,0,0
-13.0509,-76.7105,0,0,0
-10.3949,-74.0839,0,0,0
-15.0566,-72.7872,2,0,1
-12.6632,-76.8686,0,0,0
-15.7471,-71.7095,0,0,0
-11.1227,-77.9483,0,0,0
-13.9455,-76.291,0,0,0
-16.2922,-73.7086,0,0,0
-14.7465,-75.5364,0,0,0
-15.1562,-73.036,0,0,1
-11.7214,-77.6577,0,0,0
-15.1235,-74.9521,0,0,0
-9.989,-74.9483,0,0,0
-12.6447,-76.9451,0,0,0
-12.6116,-76.9411,0,0,0
-12.7642,-76.7149,0,0,0
-7.3212,-80.4111,0,0,0
-15.6307,-71.7858,3,0,1
-7.541,-74.7439,0,0,0
-18.2632,-70.0352,0,0,0
-14.9223,-71.2568,0,0,0
-15.7483,-71.7611,0,0,0
-15.6268,-74.758,1,0,1
-8.612,-74.7813,0,0,0
-4.0073,-77.0665,0,0,0
-8.7319,-76.9645,0,0,0
-9.9453,-74.8257,0,0,0
-16.3478,-74.363,0,0,0
-8.1226,-74.4867,0,0,0
-10.7596,-77.9146,0,0,0
-12.99,-76.9383,0,0,0
-15.5928,-72.6546,0,0,0
-12.0211,-77.5516,0,0,0
-15.8974,-74.676,0,0,0
-8.9634,-74.9215,0,0,0
-15.7071,-71.7463,1,0,0
-10.7821,-78.5519,0,0,0
-9.823,-78.9797,0,0,0
-8.6809,-74.7543,0,0,0
-15.7636,-74.7028,0,0,0
-4.7742,-77.3983,0,0,0
-12.1758,-77.5252,0,0,0
-15.175,-72.5572,0,0,0
-4.3274,-80.7271,0,0,0
-16.9682,-71.8469,0,0,0
-2.8323,-77.0978,0,0,0
-3.9641,-77.5426,0,0,0
-6.7071,-80.5902,0,0,0
-12.3592,-76.9709,0,0,0
-5.0588,-80.7932,0,0,0
-5.6152,-76.7346,0,0,0
-16.7381,-71.7062,0,0,0
-8.0216,-76.1365,0,0,0
-8.7671,-74.7893,0,0,0
-15.6444,-71.5899,2,0,1
-16.5591,-72.5187,0,0,0
-12.1062,-76.7902,7,0,3
-12.8079,-77.2119,0,0,0
-13.0937,-77.0058,0,0,0
-18.093,-71.5873,0,0,0
-15.7373,-71.8232,0,0,0
-8.3419,-74.4246,0,0,0
-10.2349,-75.2508,0,0,0
-3.6004,-79.5981,3,1,0
-17.8118,-69.9408,1,0,0
-13.8089,-71.8486,0,0,1
-15.0945,-75.9245,0,0,0
-14.9726,-75.878,0,0,0
-15.6468,-71.9731,1,0,1
-10.4947,-74.8062,0,0,0
-7.6428,-76.4402,0,0,0
-14.3574,-72.8214,1,0,1
-12.4907,-76.5566,0,0,0
-9.2689,-79.2431,0,0,0
-7.889,-74.4493,0,0,0
-16.5741,-72.1047,1,0,1
-7.5377,-74.5226,0,0,0
-12.9164,-77.0209,0,0,0
-15.7594,-72.0991,0,0,2
-10.6754,-75.0956,0,0,0
-14.4361,-74.5126,0,0,0
-14.3617,-75.8262,0,0,0
-12.1714,-76.9394,122,11,34
-10.8399,-78.3339,0,0,0
-5.4548,-76.8523,0,0,0
-17.4069,-70.9162,0,0,0
-8.6313,-77.8837,1,0,0
-4.277,-81.6052,0,0,0
-15.4709,-73.813,0,0,0
-12.9012,-77.156,0,0,0
-10.9378,-75.5375,0,0,0
-10.9397,-75.5378,0,0,0
-10.7523,-74.6055,0,0,0
-16.6977,-71.911,0,0,1
-14.0743,-72.7876,0,0,1
-3.7723,-82.0227,0,0,0
-15.4085,-70.8753,0,0,0
-12.2048,-77.0855,33,4,9
-10.7143,-78.4032,0,0,0
-16.5144,-73.3741,0,0,0
-15.7025,-74.9156,0,0,0
-6.0573,-76.9271,4,1,1
-8.2651,-74.3645,0,0,0
-15.5321,-71.8256,2,0,1
-15.1486,-71.6913,1,0,1
-2.6007,-77.9014,0,0,0
-16.5005,-70.987,0,0,0
-8.5348,-77.8257,1,0,0
-14.9672,-74.125,0,0,0
-14.2569,-72.955,0,0,1
-3.5798,-79.0443,0,0,0
-12.8735,-77.1635,0,0,0
-7.9276,-74.5069,0,0,0
-15.8233,-74.6164,0,0,0
-19.1148,-69.5607,0,0,0
-9.8807,-76.4246,0,0,0
-8.1219,-74.4104,0,0,0
-5.9743,-76.8833,3,1,1
-5.9446,-76.8918,2,0,0
-16.8802,-72.0442,0,0,0
-8.9525,-80.5625,0,0,0
-8.8183,-80.4059,0,0,0
-8.8022,-80.3041,0,0,0
-15.6554,-71.8954,3,0,2
-8.8839,-80.4927,0,0,0
-8.96,-80.6393,0,0,0
-8.9991,-80.6388,0,0,0
-9.2819,-79.1323,0,0,0
-13.5156,-76.2579,0,0,1
-13.252,-76.6095,0,0,0
-9.7582,-79.0223,0,0,0
-10.8951,-74.7482,0,0,0
-12.2387,-77.694,0,0,0
-2.949,-77.0496,0,0,0
-8.5727,-79.8433,0,0,0
-15.6594,-71.792,3,0,1
-15.3555,-70.9272,0,0,0
-5.4157,-78.6613,0,0,0
-16.4098,-74.012,0,0,0
-11.2803,-78.2664,0,0,0
-12.5422,-77.135,0,0,0
-18.5179,-69.8417,0,0,0
-13.4508,-76.5715,0,0,0
-15.134,-71.5003,0,0,0
-9.1859,-79.1711,0,0,0
-9.6393,-75.7379,0,0,0
-8.9998,-79.2955,0,0,0
-7.6293,-75.6883,0,0,0
-11.3894,-73.5143,0,0,0
-17.7044,-69.42,0,0,0
-11.9237,-77.6025,0,0,0
-14.8544,-75.3662,0,0,0
-5.6465,-80.7706,3,1,0
-18.1564,-71.3436,0,0,0
-11.1147,-73.9125,0,0,0
-3.4958,-80.7814,0,0,0
-12.644,-76.4478,1,0,0
-14.889,-75.4708,0,0,0
-8.3256,-80.0898,0,0,0
-21.139,-69.9759,0,0,0
-15.2007,-75.911,0,0,0
-12.0401,-76.9329,146,10,36
-8.9603,-79.472,0,0,0
-10.3841,-75.1257,0,0,0
-15.6905,-71.8727,2,0,1
-16.159,-74.2813,0,0,0
-13.4927,-75.5484,0,0,0
-10.3531,-75.4705,0,0,1
-10.9759,-78.2356,0,0,0
-11.0895,-78.0795,0,0,0
-15.0495,-76.3558,0,0,0
-6.0934,-80.704,0,0,0
-15.6652,-71.9254,2,0,1
-4.861,-80.8453,5,0,2
-11.2394,-75.8836,0,0,0
-9.7779,-75.6835,0,0,0
-2.4318,-77.0591,0,0,0
-15.691,-71.8592,3,0,1
-7.9864,-76.3344,0,0,0
-8.9563,-80.8819,0,0,0
-15.5543,-70.9593,0,0,0
-15.5667,-70.9616,0,0,0
-5.4757,-77.1489,0,0,0
-8.9298,-74.6198,0,0,0
-10.554,-76.5424,1,0,0
-9.615,-75.8464,0,0,0
-15.6696,-71.7094,1,0,0
-4.1166,-80.9057,0,0,0
-4.1455,-80.9244,0,0,0
-15.726,-72.0327,0,0,2
-14.1411,-72.8972,0,0,0
-17.0099,-71.6549,0,0,0
-10.7974,-78.2582,0,0,0
-5.4798,-77.3279,0,0,0
-16.1486,-71.646,0,0,0
-15.1572,-75.9397,0,0,0
-13.1064,-75.2072,0,0,0
-13.0771,-76.7331,0,0,0
-12.0993,-77.3924,0,0,0
-8.4075,-79.8663,0,0,0
-15.6994,-71.8474,2,0,0
-4.2939,-76.8082,0,0,0
-14.1772,-72.8123,0,0,0
-13.4669,-71.8871,28,4,7
-15.7066,-71.9077,1,0,1
-15.7016,-71.9031,2,0,1
-12.694,-76.7841,0,0,0
-19.2556,-70.3967,0,0,0
-13.4554,-74.4133,0,0,0
-15.7116,-71.8404,1,0,0
-3.8717,-81.2084,0,0,0
-15.7154,-71.9009,0,0,0
-13.1845,-76.4504,0,0,0
-10.5918,-75.4751,2,1,1
-10.8885,-79.8433,0,0,0
-12.2089,-77.1635,0,0,0
-15.6399,-71.8181,3,0,1
-6.6007,-76.3158,0,0,0
-15.4245,-70.8732,0,0,0
-13.8539,-76.1544,0,0,2
-16.4416,-73.1296,1,0,1
-11.1981,-73.3264,0,0,0
-6.0763,-75.6923,0,0,0
-11.2767,-75.8798,0,0,0
-9.468,-77.5926,18,1,4
-15.6819,-74.7629,0,0,0
-11.2648,-73.3729,0,0,0
-14.5801,-73.5335,0,0,0
-14.7362,-75.3912,0,0,0
-13.5823,-76.3238,0,0,0
-7.3428,-77.9568,0,0,0
-19.7635,-69.3783,0,0,0
-8.8146,-74.8216,0,0,0
-10.4457,-75.5382,0,0,1
-15.6467,-71.8532,3,0,1
-16.5214,-72.7949,3,0,4
-14.1131,-73.0085,0,0,0
-8.9221,-77.2924,2,0,0
-15.741,-74.6411,0,0,0
-10.2791,-75.0646,0,0,0
-9.764,-75.8014,0,0,0
-16.9141,-72.5488,0,0,0
-17.4174,-69.9301,0,0,0
-17.4161,-69.939,0,1,1
-17.4114,-69.9387,0,1,1
-17.4172,-69.933,0,0,0
-17.4265,-69.9334,0,0,0
-3.4907,-80.9935,0,0,0
-17.4171,-69.9033,0,0,0
-17.3861,-69.9024,0,0,0
-12.6323,-76.857,0,0,0
-13.3986,-76.144,9,1,6
-16.5057,-74.044,0,0,0
-16.4588,-74.0523,0,0,0
-17.4137,-69.9159,0,0,0
-17.5998,-70.9168,0,0,2
-8.7569,-74.6964,0,0,0
-16.4324,-74.0656,0,0,0
-10.8848,-75.7583,0,0,0
-16.5357,-71.8441,4,0,5
-17.2607,-70.3891,1,0,1
-15.8569,-73.5401,0,0,0
-19.118,-69.6451,0,0,0
-7.8613,-74.5669,0,0,0
-8.4798,-80.2309,0,0,0
-15.5949,-71.9331,1,0,1
-16.9872,-71.8632,0,0,0
-10.7134,-78.402,0,0,0
-20.1915,-70.1821,5,6,3
-16.5849,-71.943,1,0,1
-6.2369,-76.5443,0,0,0
-16.4456,-74.1309,0,0,0
-17.2702,-70.9928,12,2,5
-9.5442,-75.8569,0,0,0
-9.202,-75.7246,0,0,0
-6.0366,-80.0708,0,0,0
-15.7092,-72.0152,1,0,3
-8.0899,-74.5736,0,0,0
-17.4103,-69.9448,1,1,1
-15.7546,-71.7675,0,0,0
-11.2648,-77.0504,0,0,0
-16.5584,-72.718,8,1,7
-9.647,-77.5313,1,0,0
-12.8739,-75.0158,2,1,0
-18.9284,-69.7313,0,0,0
-14.3576,-71.3631,0,0,1
-13.5669,-76.297,0,0,0
-15.6419,-71.8705,2,0,1
-15.879,-72.0261,0,0,0
-15.6647,-71.8716,2,0,1
-7.961,-74.7597,0,0,0
-15.8793,-71.7864,0,0,0
-4.0072,-81.0951,0,0,0
-16.3267,-73.4299,0,0,0
-15.6537,-71.85,3,0,1
-17.7585,-70.5249,0,0,1
-6.156,-81.179,0,0,0
-6.085,-81.6962,0,0,0
-11.3556,-77.9852,0,0,0
-14.1735,-73.4818,0,0,0
-6.765,-78.6783,0,0,0
-10.8056,-74.7842,0,0,0
-11.701,-77.3967,0,0,0
-15.6532,-71.8748,2,0,1
-15.6586,-71.8659,2,0,1
-10.2703,-75.0678,0,0,0
-12.4612,-76.7701,2,1,4
-14.2016,-72.3407,1,0,0
-15.7559,-72.1041,0,0,2
-9.303,-79.5145,0,0,0
-15.0305,-73.2531,0,0,0
-17.5168,-71.419,0,0,0
-9.148,-75.2342,0,0,0
-15.2696,-74.1928,0,0,0
-15.0818,-73.2392,0,0,0
-15.6835,-71.8537,3,0,1
-12.1923,-72.3197,0,0,0
-17.5589,-72.3432,0,0,0
-17.5576,-72.3746,0,0,0
-16.5813,-72.7236,8,1,7
-4.313,-80.7371,0,0,0
-16.724,-69.4561,0,0,0
-10.986,-73.6837,0,0,0
-17.4818,-71.0141,0,0,0
-17.0006,-71.5312,0,0,0
-4.027,-77.0852,0,0,0
-9.5688,-78.893,0,0,0
-9.4618,-79.2476,0,0,0
-8.5422,-77.4826,2,0,0
-23.1578,-69.513,0,0,0
-15.6043,-71.8189,3,0,1
-15.8246,-71.9699,0,0,0
-17.3368,-69.4625,0,0,0
-10.8908,-75.8739,0,0,0
-16.2739,-73.1155,0,0,0
-10.2424,-76.3961,0,0,0
-16.1313,-72.1774,0,0,0
-17.3035,-71.0013,0,0,1
-15.4084,-70.9434,0,0,0
-10.1932,-76.4005,0,0,0
-10.2564,-76.3879,0,0,0
-6.6758,-75.536,0,0,0
-15.7176,-71.7097,0,0,0
-18.3695,-71.3909,0,0,0
-9.9105,-78.9872,0,0,0
-14.6236,-75.9952,0,0,0
-7.8438,-77.9817,1,0,0
-9.2437,-75.6387,0,0,0
-15.8458,-71.7313,0,0,0
-15.4682,-75.6341,0,0,0
-15.7098,-72.1064,0,0,2
-19.2349,-70.1684,0,0,0
-8.6511,-79.3323,0,0,0
-10.6209,-76.76,0,0,0
-15.6544,-71.8634,2,0,1
-18.569,-70.5547,0,0,0
-3.9942,-81.0366,1,0,0
-17.3425,-69.9163,0,0,0
-15.3302,-72.01,0,0,0
-4.6579,-80.3592,0,0,0
-11.2774,-78.1932,0,0,0
-16.3304,-74.5209,0,0,0
-15.6605,-71.8623,2,0,1
-15.7803,-72.889,1,0,2
-18.3227,-71.2725,0,0,0
-5.7224,-78.7442,2,1,1
-13.628,-74.7529,0,0,0
-15.8027,-74.1728,2,0,2
-12.6579,-76.8422,0,0,0
-7.2391,-80.4967,0,0,0
-15.581,-71.8158,3,0,1
-4.455,-77.5664,0,0,0
-7.7142,-76.2848,0,0,0
-3.7516,-80.6176,2,0,1
-9.0411,-75.4711,1,0,1
-14.5087,-73.0046,0,0,0
-12.7972,-73.1809,0,0,0
-9.6151,-77.5637,6,1,3
-12.8954,-76.6054,0,0,0
-4.3963,-77.4403,0,0,0
-4.278,-80.4203,0,0,1
-17.879,-70.4065,0,0,1
-17.7986,-69.8308,0,0,0
-13.123,-75.3621,0,0,0
-12.8729,-75.0194,3,1,0
-15.395,-74.1168,0,0,0
-9.2529,-79.1749,0,0,0
-3.6719,-80.3858,3,0,3
-10.4737,-78.6285,0,0,0
-7.2386,-79.4203,5,2,4
-10.6656,-78.3645,0,0,0
-5.268,-80.1775,1,0,2
-5.5993,-76.8084,0,0,0
-15.9019,-74.9912,0,0,0
-18.0025,-71.5484,0,0,0
-7.8483,-76.1031,0,0,0
-14.61,-75.5804,0,0,0
-15.3838,-73.9882,0,0,0
-5.8939,-76.2675,0,0,0
-17.347,-71.3546,0,0,0
-7.24,-75.6568,0,0,0
-10.5518,-75.5736,0,0,0
-12.2226,-76.0473,0,0,0
-9.1299,-75.062,0,0,0
-5.6065,-76.5282,0,0,0
-9.3905,-79.2041,0,0,0
-8.6938,-74.899,0,0,0
-17.5972,-71.4627,0,0,0
-8.5761,-74.3238,0,0,1
-14.3616,-75.8187,0,0,0
-5.6773,-76.7942,0,0,0
-5.6213,-76.4926,0,0,0
-15.7278,-71.7614,0,0,0
-12.5743,-76.7647,0,1,0
-19.4778,-70.6462,0,0,0
-12.6071,-76.8388,0,0,0
-15.9007,-71.717,0,0,0
-5.0429,-79.9116,4,0,2
-7.9158,-74.4575,0,0,0
-15.735,-71.758,0,0,0
-10.4367,-78.6752,0,0,0
-16.816,-72.4882,0,0,0
-12.5737,-76.754,0,1,0
-6.1664,-76.4654,0,0,0
-15.7234,-71.7501,0,0,0
-7.9449,-79.0223,1,0,0
-12.6113,-76.8474,0,0,0
-15.7577,-71.7637,0,0,0
-17.5679,-69.3845,0,0,0
-15.4242,-70.5319,0,0,0
-12.5885,-76.8221,0,1,0
-15.5154,-70.0809,7,1,3
-12.5832,-76.7953,0,1,0
-14.6733,-76.3931,0,0,0
-14.0323,-72.9745,0,0,0
-17.2839,-72.5582,0,0,0
-9.3584,-79.1808,0,0,0
-12.5769,-76.7953,0,1,0
-2.8341,-77.3325,0,0,0
-14.5616,-73.5098,0,0,0
-15.7145,-73.0773,0,0,0
-16.4326,-72.0129,3,0,2
-14.7589,-75.1311,0,0,0
-2.7444,-77.5081,0,0,0
-2.9046,-77.4683,0,0,0
-15.7531,-71.7766,0,0,0
-14.2398,-73.4613,0,0,0
-18.5393,-70.599,0,0,0
-12.7277,-77.012,0,0,0
-4.2031,-77.8517,0,0,0
-9.8264,-75.243,0,0,0
-15.7229,-71.8647,0,0,0
-15.7402,-71.7881,0,0,0
-5.7688,-77.5692,0,0,0
-11.9654,-77.2208,4,0,3
-16.7229,-72.3627,0,0,1
-15.3312,-71.5018,0,0,0
-12.8579,-76.89,0,0,0
-16.589,-73.4255,0,0,0
-16.8288,-71.7754,0,0,0
-12.615,-76.9346,0,0,0
-5.2777,-80.0139,4,1,3
-7.6082,-78.9077,0,0,0
-15.6539,-71.8717,2,0,1
-15.2283,-74.9268,0,0,0
-15.6619,-71.8819,2,0,1
-15.0467,-75.9921,0,0,0
-4.2214,-77.9952,0,0,0
-15.2088,-74.2835,0,0,0
-13.4515,-76.5704,0,0,0
-4.1741,-77.8492,0,0,0
-8.0085,-74.5136,0,0,0
-18.1822,-70.618,0,0,1
-13.9613,-71.9556,0,0,1
-11.1071,-74.8921,0,0,0
-15.6462,-72.8713,0,0,0
-12.9521,-76.7299,0,0,0
-14.6148,-74.4126,0,0,0
-15.2604,-70.971,0,0,0
-8.8669,-76.1206,1,1,1
-15.3953,-72.162,0,0,0
-2.4549,-77.095,0,0,0
-5.8496,-77.3,0,1,0
-9.1116,-80.0805,0,0,0
-15.687,-71.8739,2,0,1
-13.6682,-77.0069,0,0,0
-13.6361,-76.9631,0,0,0
-15.6776,-71.8731,2,0,1
-15.6556,-71.8679,2,0,1
-16.06,-72.4436,4,0,1
-14.3489,-73.4157,0,0,0
-5.2734,-78.502,0,0,0
-16.3281,-72.1438,4,1,2
-14.5202,-75.5309,0,0,0
-19.2635,-70.1348,0,0,0
-10.3806,-74.9062,0,0,0
-9.8423,-78.8046,0,0,0
-7.2946,-80.2594,0,0,0
-8.526,-74.3633,0,0,1
-11.879,-76.8228,0,0,0
-10.3756,-73.8323,0,0,0
-14.9837,-71.0196,0,0,0
-18.3175,-69.5131,0,0,0
-9.4923,-77.0083,0,0,0
-15.5377,-70.322,1,0,1
-15.7866,-72.673,0,0,1
-8.6647,-75.7663,0,0,0
-14.5862,-76.2726,0,0,0
-12.5554,-76.7909,2,1,1
-12.5229,-76.763,2,1,1
-15.8914,-74.223,2,0,2
-8.6803,-76.3083,0,0,0
-15.7568,-72.7644,0,0,0
-15.6698,-71.9011,2,0,1
-5.2813,-80.9957,0,0,0
-5.8038,-75.9843,0,0,0
-6.0559,-80.691,0,0,0
-18.4883,-70.6131,0,0,0
-12.8126,-76.8488,0,0,0
-15.673,-71.9112,2,0,1
-15.6729,-71.905,2,0,1
-11.8729,-77.0723,79,7,21
-16.4921,-72.5144,0,0,0
-17.8562,-70.6078,0,1,1
-15.6515,-71.8467,3,0,1
-12.5448,-76.8298,2,0,1
-16.9304,-72.0072,1,0,2
-16.4505,-71.9944,2,0,1
-15.7947,-71.8495,0,0,0
-11.6893,-76.3464,1,0,2
-7.8515,-80.2626,0,0,0
-9.3624,-79.1503,0,0,0
-16.674,-71.6744,0,0,0
-9.385,-75.8746,0,0,0
-10.0926,-74.1659,0,0,0
-12.2307,-77.1479,0,0,0
-15.6618,-71.9304,2,0,1
-15.67,-71.9217,2,0,1
-12.4103,-74.7483,1,0,1
-12.9106,-73.9398,0,0,0
-18.9668,-70.2494,0,0,0
-12.8664,-75.0166,3,1,0
-12.1346,-74.2814,0,0,0
-8.5279,-74.5906,0,0,0
-13.7272,-71.9666,0,0,2
-12.3934,-76.8751,2,1,3
-16.4191,-73.1138,1,0,1
-12.8656,-75.0209,3,1,0
-7.1755,-80.8534,0,0,0
-7.1699,-80.84,0,0,0
-12.8741,-75.027,2,1,0
-12.8683,-75.0085,3,1,0
-15.7343,-71.7732,0,0,0
-15.7528,-71.7754,0,0,0
-12.8661,-75.0209,3,1,0
-12.8768,-75.0018,1,0,0
-12.8861,-74.9867,0,0,0
-12.8525,-74.998,3,1,0
-19.1202,-70.1769,0,0,0
-10.8373,-75.3538,0,0,0
-17.5939,-72.9218,0,0,0
-12.8676,-75.0053,3,1,0
-12.8745,-74.9901,2,1,0
-12.8594,-75.0267,3,1,0
-12.8713,-75.0155,3,1,0
-12.8734,-75.0266,3,1,0
-12.8621,-75.0231,3,1,0
-15.6848,-72.0093,1,0,1
-15.7387,-71.7543,0,0,0
-12.8393,-75.0095,3,1,0
-12.867,-75.0016,3,1,0
-12.8745,-75.0175,2,1,0
-12.8856,-75.0045,0,0,0
-8.9321,-74.6314,0,0,0
-15.6584,-71.8432,3,0,1
-15.4676,-74.2161,0,0,0
-20.0854,-69.8455,1,1,0
-17.4896,-70.6813,0,0,0
-2.6212,-77.2184,0,0,0
-4.7848,-80.2673,0,0,1
-8.2116,-80.081,0,0,0
-9.9308,-75.6845,0,0,0
-16.381,-69.7213,0,0,0
-18.4609,-71.468,0,0,0
-12.9105,-76.7716,0,0,0
-14.8618,-73.8429,0,0,0
-15.8684,-75.2504,0,0,0
-16.3615,-73.4571,0,0,0
-18.1159,-70.7489,0,0,1
-11.7079,-76.9556,1,0,0
-15.8256,-74.295,3,0,2
-10.8967,-73.9277,0,0,0
-16.2446,-72.9787,0,0,0
-13.1311,-75.0259,0,0,0
-13.182,-75.1212,0,0,0
-15.7326,-72.0754,0,0,2
-16.453,-72.0107,3,0,2
-8.3769,-74.412,0,0,0
-6.1701,-76.342,1,0,1
-10.3957,-78.5372,0,0,0
-9.4696,-79.1449,0,0,0
-8.2103,-80.2557,0,0,0
-16.4623,-72.0003,2,0,1
-3.3456,-77.6123,0,0,0
-12.779,-77.6029,0,0,0
-15.7056,-72.6277,1,0,1
-9.1507,-79.4393,0,0,0
-9.1304,-79.4177,0,0,0
-16.4495,-72.0224,3,0,1
-15.6517,-74.9269,1,0,1
-11.5882,-77.8367,0,0,0
-7.7663,-80.3345,0,0,0
-6.5022,-80.816,0,0,0
-15.314,-72.2851,1,0,1
-11.1512,-78.1689,0,0,0
-7.5985,-76.3699,0,0,0
-19.1586,-70.699,0,0,0
-7.6454,-74.7718,0,0,0
-14.9553,-76.2451,0,0,0
-16.5303,-72.7187,7,0,7
-14.2317,-73.7099,0,0,0
-11.9413,-77.7607,0,0,0
-12.5604,-78.0684,0,0,0
-16.6392,-72.9837,0,0,0
-8.1944,-75.2439,0,0,0
-4.2755,-80.9382,0,0,0
-13.9366,-74.5596,0,0,0
-16.1685,-74.7982,0,0,0
-16.4949,-71.9499,2,0,1
-16.0946,-74.697,0,0,0
-15.3804,-72.0584,0,0,0
-15.6778,-74.1988,0,0,0
-15.9685,-74.5985,0,0,0
-16.2363,-72.6289,0,0,0
-15.2077,-75.8987,0,0,0
-14.1067,-75.8784,0,0,0
-15.6605,-71.8184,3,0,1
-17.1324,-71.0446,2,0,1
-16.5091,-72.855,0,0,1
-8.3823,-77.8063,0,0,0
-12.2885,-77.5592,0,0,0
-15.6473,-71.8268,3,0,1
-9.8339,-78.793,0,0,0
-16.9789,-69.6189,0,0,0
-15.7327,-72.0611,0,0,2
-4.4057,-77.5596,0,0,0
-15.6543,-71.8268,3,0,1
-11.2049,-79.4171,0,0,0
-17.41,-71.2251,0,0,0
-15.1502,-71.1112,0,0,0
-4.4268,-77.4414,0,0,0
-17.3198,-71.1969,0,0,0
-5.7951,-80.9335,2,0,0
-15.6598,-71.7868,3,0,1
-15.07,-75.16,0,0,0
-15.6281,-71.8115,3,0,1
-13.6387,-76.346,0,0,0
-15.6401,-71.8178,3,0,1
-3.5469,-80.4717,12,1,9
-15.6674,-71.9073,2,0,1
-12.5729,-76.8088,0,1,0
-6.818,-80.6344,0,0,0
-3.8642,-75.5683,0,0,0
-12.8748,-74.0097,0,0,0
-10.7895,-73.5978,0,0,0
-15.6529,-71.8012,3,0,1
-15.6571,-71.8301,3,0,1
-15.665,-71.7943,3,0,1
-15.6456,-71.82,3,0,1
-15.6836,-71.8244,3,0,1
-15.6597,-71.8244,3,0,1
-15.655,-71.829,3,0,1
-15.6613,-71.8371,3,0,1
-15.6595,-71.8329,3,0,1
-15.6501,-71.835,3,0,1
-15.642,-71.8296,3,0,1
-17.2431,-70.8296,4,1,2
-15.6655,-71.8281,3,0,1
-15.6546,-71.8259,3,0,1
-15.6473,-71.8088,3,0,1
-5.078,-76.1681,0,0,0
-11.5301,-77.7161,0,0,0
-15.6629,-71.8153,3,0,1
-12.3352,-76.8767,5,2,3
-15.6528,-71.8259,3,0,1
-15.6293,-71.83,3,0,1
-15.6529,-71.8151,3,0,1
-15.7519,-71.9002,0,0,0
-15.7212,-71.9349,0,0,0
-15.6509,-71.8556,3,0,1
-16.7021,-69.6652,0,0,2
-17.5127,-71.1235,0,0,0
-14.4006,-69.1867,0,0,0
-18.4065,-69.9288,0,0,0
-17.4929,-71.0724,0,0,0
-13.9193,-71.8076,0,0,1
-13.9266,-71.8091,0,0,1
-15.8761,-71.7701,0,0,0
-15.881,-71.7796,0,0,0
-9.5853,-75.7351,0,0,0
-6.0476,-76.6891,0,0,0
-17.12,-71.3019,0,0,0
-15.4624,-70.1406,7,1,2
-8.5644,-73.9933,0,0,0
-9.7805,-74.5801,0,0,0
-16.7791,-72.6928,0,0,0
-10.7861,-77.7237,5,1,4
-9.8215,-75.6288,0,0,0
-4.0803,-77.1037,0,0,0
-7.889,-74.5281,0,0,0
-10.3952,-78.8467,0,0,0
-15.7622,-72.2072,0,0,0
-16.3433,-73.9996,0,0,0
-10.4245,-75.4906,0,0,1
-17.7407,-70.2457,0,0,0
-8.8999,-75.0083,0,0,0
-16.0927,-70.4635,1,0,1
-7.4399,-76.2515,0,0,0
-14.7076,-74.0072,0,0,0
-9.9172,-75.5748,0,0,0
-5.0545,-80.9879,0,0,1
-11.033,-75.2602,3,2,0
-9.0927,-74.1966,0,0,0
-6.8064,-76.8129,0,0,0
-9.4269,-75.5707,0,0,0
-15.872,-74.6719,0,0,0
-7.5803,-74.6424,0,0,0
-15.6771,-71.5883,2,0,1
-15.6515,-71.5752,2,0,1
-3.328,-80.2922,0,0,0
-8.4736,-76.1291,0,0,0
-18.5369,-69.9329,0,0,0
-8.669,-76.2077,0,0,0
